11.0,17.0,12.0,11.0,7.0,8.0,11.0,14.0,11.0,20.0,15.0,15.0,10.0,16.0,10.0,7.0,11.0,18.0,9.0,15.0,11.0,11.0,7.0,17.0,9.0,15.0,19.0,15.0,8.0,14.0,6.0,8.0,15.0,5.0,12.0,12.0,9.0,13.0,13.0,13.0,10.0,11.0,7.0,12.0,6.0,8.0,9.0,11.0,20.0,9.0,32.0,13.0,20.0,13.0,8.0,13.0,11.0,13.0,14.0,9.0,15.0,7.0,16.0,21.0,16.0,5.0,24.0,8.0,10.0,16.0,12.0,15.0,10.0,14.0,12.0,16.0,22.0,17.0,25.0,9.0,5.0,36.0,15.0,16.0,10.0,14.0,6.0,15.0,12.0,15.0,14.0,12.0,14.0,13.0,13.0,9.0,14.0,15.0,7.0,14.0,14.0,12.0,15.0,14.0,13.0,13.0,8.0,9.0,10.0,11.0,7.0,10.0,13.0,7.0,10.0,12.0,9.0,15.0,7.0,15.0,12.0,14.0,7.0,10.0,11.0,18.0,12.0,11.0,16.0,6.0,9.0,16.0,21.0,17.0,19.0,15.0,16.0,5.0,13.0,17.0,17.0,16.0,13.0,5.0,7.0,15.0,14.0,23.0,15.0,14.0,9.0,18.0,19.0,10.0,29.0,10.0,14.0,6.0,3.0,9.0,8.0,10.0,11.0,6.0,15.0,9.0,4.0,14.0,12.0,10.0,15.0,18.0,10.0,15.0,21.0,23.0,11.0,7.0,14.0,7.0,14.0,10.0,5.0,18.0,13.0,10.0,6.0,12.0,15.0,11.0,21.0,12.0,11.0,10.0,30.0,10.0,11.0,18.0,15.0,22.0
12.0,14.0,17.0,9.0,12.0,5.0,12.0,4.0,8.0,15.0,4.0,13.0,15.0,11.0,22.0,16.0,11.0,14.0,10.0,10.0,21.0,14.0,8.0,12.0,25.0,15.0,2.0,14.0,11.0,4.0,10.0,17.0,8.0,12.0,13.0,7.0,13.0,12.0,6.0,15.0,15.0,13.0,8.0,8.0,7.0,15.0,8.0,22.0,15.0,11.0,14.0,14.0,6.0,12.0,11.0,16.0,15.0,22.0,21.0,13.0,15.0,13.0,13.0,17.0,13.0,13.0,14.0,18.0,14.0,5.0,23.0,20.0,23.0,10.0,18.0,10.0,15.0,20.0,9.0,6.0,12.0,15.0,6.0,16.0,464.0,248.0,707.0,1032.0,710.0,1063.0,1122.0,725.0,899.0,916.0,856.0,1119.0,1023.0,1028.0,388.0,788.0,628.0,435.0,726.0,580.0,635.0,853.0,851.0,694.0,846.0,732.0,606.0,819.0,767.0,404.0,788.0,800.0,416.0,800.0,845.0,426.0,866.0,837.0,395.0,817.0,843.0,427.0,744.0,801.0,355.0,716.0,789.0,351.0,681.0,726.0,264.0,704.0,728.0,399.0,749.0,336.0,600.0,664.0,202.0,680.0,627.0,151.0,748.0,779.0,325.0,709.0,805.0,249.0,722.0,728.0,266.0,677.0,285.0,597.0,712.0,213.0,606.0,520.0,302.0,594.0,171.0,540.0,544.0,110.0,419.0,353.0,341.0,166.0,227.0,89.0,76.0,30.0,32.0,27.0,32.0,23.0,31.0,21.0,18.0,28.0,16.0,22.0,11.0,13.0,23.0,22.0,26.0,22.0,11.0,13.0,19.0,18.0,13.0,30.0,8.0,22.0
2.0,13.0,12.0,21.0,12.0,12.0,5.0,16.0,21.0,11.0,22.0,11.0,17.0,12.0,15.0,15.0,18.0,9.0,18.0,11.0,14.0,10.0,7.0,20.0,4.0,8.0,10.0,15.0,19.0,14.0,13.0,15.0,14.0,13.0,9.0,9.0,9.0,14.0,14.0,5.0,3.0,21.0,14.0,14.0,13.0,8.0,15.0,30.0,9.0,17.0,18.0,11.0,12.0,19.0,17.0,28.0,14.0,12.0,14.0,14.0,21.0,16.0,16.0,152.0,109.0,518.0,946.0,1291.0,1176.0,1131.0,1380.0,1206.0,815.0,814.0,972.0,896.0,974.0,1043.0,403.0,740.0,833.0,291.0,741.0,404.0,564.0,708.0,202.0,749.0,799.0,454.0,815.0,885.0,307.0,772.0,807.0,316.0,812.0,793.0,279.0,829.0,874.0,279.0,735.0,758.0,364.0,736.0,778.0,383.0,730.0,685.0,359.0,785.0,649.0,578.0,804.0,602.0,533.0,750.0,530.0,612.0,748.0,324.0,603.0,671.0,127.0,635.0,610.0,86.0,596.0,588.0,379.0,635.0,257.0,618.0,755.0,213.0,668.0,359.0,506.0,660.0,184.0,550.0,325.0,395.0,512.0,98.0,444.0,374.0,201.0,323.0,315.0,237.0,255.0,232.0,136.0,175.0,85.0,82.0,34.0,54.0,34.0,23.0,20.0,19.0,16.0,22.0,33.0,24.0,19.0,11.0,19.0,14.0,25.0,12.0,13.0,14.0,25.0,10.0,19.0,8.0,17.0,19.0,12.0,8.0,10.0,9.0,13.0,32.0,14.0,14.0,12.0,5.0,34.0,22.0,13.0,10.0,13.0,22.0,10.0,8.0
17.0,13.0,10.0,15.0,19.0,12.0,24.0,22.0,17.0,13.0,6.0,14.0,23.0,10.0,24.0,20.0,11.0,26.0,9.0,18.0,8.0,17.0,17.0,13.0,5.0,24.0,18.0,17.0,7.0,11.0,18.0,12.0,11.0,15.0,29.0,18.0,19.0,39.0,12.0,9.0,15.0,28.0,25.0,12.0,11.0,11.0,9.0,10.0,14.0,7.0,13.0,10.0,14.0,24.0,6.0,15.0,11.0,26.0,27.0,292.0,222.0,1150.0,1158.0,1160.0,1452.0,1246.0,1233.0,1144.0,910.0,1028.0,795.0,775.0,494.0,792.0,797.0,366.0,797.0,721.0,238.0,812.0,622.0,98.0,761.0,945.0,446.0,848.0,948.0,334.0,827.0,828.0,383.0,800.0,829.0,403.0,798.0,597.0,600.0,755.0,330.0,656.0,755.0,290.0,858.0,713.0,293.0,751.0,844.0,279.0,665.0,756.0,279.0,670.0,734.0,314.0,676.0,535.0,498.0,681.0,343.0,614.0,619.0,100.0,637.0,584.0,80.0,572.0,377.0,399.0,615.0,254.0,648.0,666.0,176.0,610.0,562.0,297.0,596.0,141.0,565.0,597.0,116.0,509.0,220.0,502.0,437.0,92.0,348.0,261.0,308.0,91.0,190.0,149.0,77.0,70.0,28.0,29.0,27.0,16.0,27.0,29.0,25.0,21.0,11.0,22.0,29.0,22.0,7.0,8.0,11.0,22.0,16.0,14.0,10.0,34.0,20.0,13.0,6.0,11.0,7.0,19.0,11.0,12.0,12.0,6.0,19.0,14.0,13.0,13.0,6.0,9.0,14.0,14.0,14.0,31.0,19.0,14.0,13.0,17.0,10.0,16.0
6.0,11.0,8.0,14.0,9.0,15.0,13.0,15.0,23.0,15.0,12.0,21.0,7.0,11.0,14.0,11.0,14.0,11.0,31.0,30.0,18.0,13.0,13.0,18.0,16.0,17.0,13.0,15.0,13.0,7.0,19.0,23.0,11.0,15.0,11.0,10.0,24.0,18.0,12.0,12.0,18.0,8.0,11.0,25.0,18.0,19.0,11.0,35.0,21.0,16.0,15.0,39.0,20.0,26.0,40.0,299.0,182.0,526.0,802.0,1565.0,1383.0,1229.0,1425.0,1382.0,1092.0,1017.0,1321.0,682.0,833.0,813.0,422.0,894.0,661.0,190.0,769.0,803.0,138.0,761.0,712.0,197.0,753.0,890.0,485.0,822.0,862.0,458.0,821.0,791.0,339.0,749.0,705.0,391.0,715.0,675.0,431.0,726.0,645.0,382.0,686.0,610.0,519.0,710.0,642.0,502.0,705.0,639.0,501.0,675.0,615.0,496.0,654.0,548.0,453.0,617.0,426.0,510.0,585.0,288.0,544.0,513.0,91.0,531.0,484.0,115.0,479.0,262.0,449.0,527.0,133.0,539.0,584.0,156.0,526.0,155.0,535.0,562.0,122.0,477.0,160.0,488.0,497.0,66.0,414.0,320.0,378.0,334.0,183.0,458.0,176.0,203.0,121.0,121.0,56.0,31.0,34.0,35.0,22.0,22.0,15.0,25.0,20.0,13.0,27.0,21.0,22.0,11.0,17.0,10.0,17.0,11.0,5.0,20.0,17.0,15.0,9.0,17.0,5.0,26.0,17.0,6.0,11.0,24.0,14.0,11.0,11.0,20.0,9.0,17.0,8.0,9.0,15.0,8.0,19.0,15.0,10.0,9.0,12.0,16.0,11.0,17.0
12.0,18.0,11.0,12.0,7.0,23.0,23.0,15.0,14.0,11.0,4.0,12.0,13.0,15.0,19.0,15.0,20.0,18.0,17.0,13.0,11.0,17.0,17.0,16.0,16.0,12.0,9.0,23.0,8.0,23.0,22.0,7.0,22.0,34.0,5.0,15.0,13.0,14.0,30.0,14.0,14.0,30.0,23.0,18.0,172.0,133.0,321.0,664.0,1197.0,1272.0,1247.0,1547.0,1160.0,1028.0,1266.0,1036.0,844.0,842.0,701.0,182.0,829.0,725.0,121.0,807.0,659.0,94.0,678.0,608.0,223.0,667.0,565.0,531.0,865.0,742.0,720.0,805.0,542.0,726.0,821.0,484.0,737.0,849.0,314.0,907.0,852.0,350.0,733.0,754.0,312.0,710.0,760.0,287.0,790.0,845.0,249.0,841.0,883.0,284.0,859.0,753.0,365.0,805.0,823.0,392.0,823.0,781.0,376.0,760.0,730.0,331.0,764.0,536.0,143.0,651.0,522.0,93.0,558.0,526.0,194.0,580.0,534.0,387.0,586.0,186.0,615.0,599.0,114.0,539.0,367.0,467.0,538.0,94.0,501.0,480.0,286.0,373.0,219.0,413.0,185.0,122.0,75.0,32.0,51.0,32.0,28.0,23.0,23.0,7.0,22.0,11.0,14.0,18.0,21.0,23.0,19.0,15.0,13.0,22.0,14.0,17.0,16.0,9.0,14.0,16.0,9.0,12.0,13.0,13.0,14.0,11.0,20.0,7.0,12.0,16.0,9.0,7.0,15.0,10.0,11.0,9.0,8.0,18.0,24.0,8.0,16.0,8.0,21.0,10.0,16.0,5.0,5.0,20.0,7.0,9.0,13.0,9.0,4.0,12.0,14.0,8.0
6.0,14.0,15.0,12.0,17.0,19.0,6.0,17.0,10.0,4.0,7.0,15.0,12.0,13.0,17.0,10.0,8.0,5.0,20.0,13.0,19.0,14.0,14.0,27.0,8.0,8.0,14.0,11.0,17.0,23.0,9.0,10.0,9.0,14.0,14.0,11.0,10.0,15.0,4.0,15.0,16.0,255.0,94.0,264.0,784.0,878.0,898.0,610.0,995.0,971.0,403.0,719.0,416.0,569.0,670.0,97.0,719.0,552.0,335.0,689.0,127.0,739.0,675.0,243.0,717.0,604.0,455.0,738.0,212.0,751.0,791.0,235.0,722.0,746.0,260.0,717.0,275.0,689.0,822.0,202.0,768.0,850.0,224.0,777.0,724.0,322.0,684.0,619.0,515.0,663.0,570.0,733.0,730.0,555.0,666.0,704.0,442.0,783.0,718.0,420.0,686.0,708.0,292.0,761.0,707.0,230.0,697.0,450.0,203.0,515.0,275.0,535.0,465.0,99.0,545.0,534.0,255.0,575.0,144.0,552.0,541.0,218.0,528.0,116.0,467.0,377.0,299.0,390.0,69.0,436.0,253.0,235.0,145.0,114.0,103.0,57.0,29.0,30.0,22.0,29.0,18.0,18.0,6.0,11.0,16.0,8.0,18.0,15.0,8.0,16.0,20.0,15.0,12.0,15.0,11.0,18.0,10.0,15.0,10.0,8.0,8.0,18.0,10.0,9.0,14.0,11.0,10.0,13.0,13.0,9.0,9.0,15.0,14.0,12.0,19.0,8.0,15.0,7.0,25.0,13.0,12.0,10.0,14.0,9.0,12.0,10.0,19.0,9.0,18.0,13.0,20.0,15.0,6.0,14.0,8.0,11.0,14.0,8.0,10.0,15.0
9.0,17.0,8.0,18.0,8.0,14.0,16.0,23.0,11.0,6.0,14.0,13.0,10.0,11.0,8.0,15.0,3.0,7.0,15.0,4.0,14.0,6.0,17.0,19.0,11.0,15.0,10.0,12.0,11.0,20.0,6.0,13.0,6.0,13.0,9.0,16.0,15.0,9.0,22.0,13.0,12.0,13.0,12.0,337.0,118.0,228.0,637.0,1000.0,999.0,946.0,790.0,977.0,670.0,817.0,950.0,540.0,264.0,672.0,650.0,226.0,731.0,490.0,61.0,618.0,496.0,340.0,609.0,246.0,654.0,770.0,449.0,768.0,802.0,285.0,684.0,741.0,287.0,682.0,750.0,265.0,699.0,770.0,264.0,654.0,780.0,311.0,750.0,737.0,311.0,681.0,721.0,302.0,667.0,730.0,323.0,663.0,729.0,296.0,645.0,690.0,300.0,649.0,705.0,289.0,630.0,691.0,329.0,609.0,505.0,359.0,552.0,154.0,573.0,500.0,81.0,516.0,420.0,285.0,521.0,254.0,570.0,612.0,178.0,567.0,376.0,426.0,619.0,201.0,549.0,335.0,449.0,574.0,147.0,462.0,183.0,482.0,355.0,234.0,327.0,173.0,131.0,70.0,61.0,71.0,47.0,43.0,25.0,27.0,28.0,17.0,20.0,17.0,24.0,10.0,19.0,10.0,12.0,8.0,20.0,28.0,11.0,16.0,15.0,9.0,13.0,15.0,12.0,8.0,15.0,14.0,11.0,7.0,18.0,8.0,10.0,12.0,13.0,11.0,14.0,15.0,14.0,10.0,15.0,10.0,15.0,7.0,8.0,20.0,9.0,10.0,17.0,12.0,9.0,11.0,24.0,20.0,13.0,15.0,17.0,13.0
11.0,6.0,23.0,26.0,18.0,16.0,16.0,14.0,18.0,11.0,5.0,14.0,11.0,10.0,5.0,14.0,9.0,9.0,8.0,12.0,14.0,14.0,8.0,28.0,16.0,6.0,3.0,14.0,12.0,25.0,9.0,24.0,12.0,6.0,8.0,9.0,10.0,13.0,11.0,21.0,13.0,12.0,15.0,12.0,11.0,5.0,14.0,15.0,16.0,26.0,142.0,176.0,699.0,1263.0,1112.0,1105.0,1080.0,1115.0,776.0,1011.0,1102.0,628.0,1054.0,868.0,300.0,771.0,663.0,269.0,703.0,437.0,593.0,671.0,228.0,737.0,721.0,435.0,715.0,869.0,354.0,798.0,819.0,287.0,750.0,838.0,322.0,688.0,743.0,307.0,723.0,827.0,281.0,729.0,813.0,264.0,691.0,720.0,300.0,681.0,768.0,265.0,705.0,783.0,317.0,697.0,738.0,328.0,730.0,736.0,307.0,687.0,639.0,162.0,569.0,555.0,117.0,561.0,513.0,223.0,502.0,461.0,429.0,531.0,251.0,581.0,571.0,145.0,508.0,488.0,292.0,525.0,139.0,502.0,532.0,175.0,484.0,141.0,490.0,458.0,186.0,380.0,207.0,486.0,197.0,256.0,204.0,131.0,74.0,36.0,20.0,46.0,23.0,25.0,37.0,26.0,19.0,14.0,14.0,14.0,14.0,11.0,9.0,16.0,5.0,14.0,15.0,12.0,12.0,15.0,10.0,10.0,11.0,16.0,10.0,12.0,19.0,7.0,15.0,9.0,13.0,11.0,8.0,15.0,15.0,1.0,12.0,14.0,15.0,14.0,12.0,14.0,14.0,4.0,10.0,6.0,13.0,14.0,19.0,20.0,12.0,8.0
15.0,13.0,23.0,10.0,16.0,9.0,2.0,29.0,15.0,10.0,17.0,31.0,18.0,15.0,25.0,21.0,6.0,12.0,10.0,9.0,11.0,6.0,13.0,7.0,30.0,14.0,21.0,35.0,38.0,11.0,18.0,38.0,16.0,14.0,11.0,14.0,17.0,28.0,14.0,18.0,11.0,15.0,5.0,15.0,6.0,7.0,19.0,3.0,32.0,6.0,13.0,32.0,28.0,17.0,18.0,178.0,217.0,497.0,764.0,1241.0,1047.0,845.0,1080.0,1002.0,600.0,907.0,849.0,586.0,625.0,308.0,584.0,689.0,120.0,680.0,670.0,124.0,678.0,737.0,389.0,769.0,605.0,501.0,772.0,427.0,733.0,765.0,299.0,858.0,794.0,309.0,818.0,849.0,286.0,766.0,890.0,297.0,711.0,858.0,300.0,677.0,744.0,329.0,711.0,725.0,312.0,782.0,776.0,419.0,716.0,718.0,302.0,703.0,671.0,530.0,732.0,442.0,433.0,675.0,313.0,625.0,555.0,313.0,610.0,518.0,243.0,671.0,659.0,232.0,601.0,635.0,158.0,562.0,448.0,320.0,538.0,149.0,519.0,535.0,98.0,446.0,289.0,447.0,401.0,80.0,407.0,340.0,297.0,252.0,262.0,146.0,104.0,91.0,65.0,50.0,14.0,14.0,12.0,25.0,30.0,20.0,23.0,23.0,19.0,23.0,14.0,16.0,8.0,4.0,15.0,11.0,8.0,17.0,18.0,15.0,26.0,10.0,12.0,7.0,14.0,12.0,10.0,13.0,10.0,18.0,17.0,11.0,9.0,10.0,6.0,7.0,14.0,15.0,14.0,15.0,9.0,6.0,17.0,10.0,9.0,12.0
13.0,17.0,10.0,7.0,7.0,13.0,16.0,3.0,23.0,39.0,11.0,10.0,16.0,19.0,9.0,16.0,10.0,7.0,20.0,14.0,25.0,12.0,10.0,11.0,10.0,14.0,17.0,24.0,13.0,22.0,13.0,16.0,11.0,15.0,14.0,13.0,12.0,17.0,15.0,17.0,12.0,14.0,10.0,9.0,7.0,12.0,8.0,11.0,20.0,12.0,22.0,23.0,25.0,14.0,10.0,66.0,17.0,1.0,19.0,10.0,11.0,19.0,159.0,73.0,273.0,903.0,849.0,1294.0,1074.0,847.0,953.0,910.0,654.0,841.0,705.0,310.0,760.0,645.0,139.0,743.0,621.0,114.0,686.0,584.0,79.0,645.0,838.0,323.0,796.0,827.0,289.0,756.0,851.0,286.0,758.0,877.0,322.0,764.0,768.0,300.0,758.0,843.0,316.0,844.0,773.0,341.0,771.0,759.0,346.0,853.0,746.0,319.0,738.0,741.0,392.0,769.0,675.0,367.0,678.0,646.0,355.0,664.0,648.0,268.0,623.0,557.0,137.0,576.0,525.0,109.0,511.0,420.0,335.0,465.0,206.0,528.0,546.0,211.0,549.0,618.0,181.0,552.0,250.0,518.0,596.0,122.0,493.0,357.0,394.0,439.0,149.0,490.0,328.0,297.0,173.0,223.0,152.0,61.0,83.0,53.0,42.0,37.0,24.0,25.0,31.0,24.0,25.0,21.0,10.0,21.0,16.0,9.0,14.0,17.0,7.0,17.0,21.0,22.0,2.0,14.0,17.0,17.0,24.0,22.0,15.0,15.0,9.0,11.0,8.0,18.0,21.0,12.0,6.0,13.0,7.0,21.0,23.0,2.0,20.0,14.0
6.0,10.0,22.0,22.0,16.0,26.0,26.0,18.0,7.0,10.0,16.0,6.0,6.0,22.0,5.0,12.0,17.0,5.0,14.0,8.0,9.0,22.0,15.0,16.0,9.0,6.0,9.0,6.0,8.0,23.0,10.0,16.0,7.0,17.0,14.0,12.0,8.0,8.0,8.0,8.0,13.0,8.0,13.0,15.0,20.0,16.0,20.0,9.0,13.0,9.0,16.0,30.0,5.0,16.0,14.0,11.0,15.0,14.0,12.0,12.0,10.0,12.0,14.0,25.0,331.0,119.0,545.0,1035.0,981.0,698.0,1130.0,889.0,638.0,1039.0,688.0,339.0,608.0,481.0,484.0,751.0,228.0,763.0,649.0,116.0,701.0,708.0,111.0,943.0,863.0,517.0,837.0,815.0,485.0,817.0,610.0,594.0,864.0,408.0,757.0,872.0,295.0,774.0,948.0,271.0,705.0,815.0,246.0,781.0,863.0,240.0,792.0,781.0,262.0,763.0,772.0,277.0,750.0,783.0,266.0,713.0,676.0,232.0,592.0,405.0,442.0,538.0,319.0,515.0,481.0,168.0,563.0,578.0,195.0,583.0,606.0,179.0,513.0,231.0,511.0,525.0,99.0,471.0,364.0,385.0,382.0,153.0,497.0,227.0,285.0,389.0,206.0,266.0,263.0,127.0,199.0,122.0,84.0,105.0,62.0,39.0,31.0,21.0,27.0,21.0,14.0,21.0,23.0,22.0,10.0,17.0,7.0,5.0,16.0,15.0,11.0,15.0,13.0,11.0,12.0,5.0,6.0,17.0,18.0,17.0,6.0,15.0,8.0,6.0,16.0,17.0,18.0,19.0,6.0,11.0,15.0,14.0,18.0,25.0,14.0,13.0
14.0,12.0,11.0,10.0,11.0,10.0,8.0,15.0,7.0,9.0,9.0,17.0,12.0,11.0,13.0,2.0,13.0,10.0,15.0,20.0,30.0,13.0,22.0,18.0,10.0,21.0,8.0,19.0,31.0,16.0,15.0,18.0,15.0,14.0,16.0,14.0,23.0,19.0,19.0,11.0,13.0,4.0,16.0,24.0,5.0,15.0,20.0,10.0,15.0,30.0,15.0,15.0,13.0,16.0,13.0,14.0,20.0,13.0,19.0,17.0,11.0,14.0,10.0,309.0,131.0,1117.0,1123.0,958.0,1276.0,1049.0,1050.0,720.0,992.0,919.0,632.0,767.0,443.0,583.0,678.0,177.0,690.0,622.0,121.0,647.0,632.0,159.0,850.0,803.0,341.0,774.0,861.0,288.0,742.0,762.0,342.0,727.0,726.0,263.0,709.0,781.0,389.0,769.0,805.0,379.0,751.0,722.0,295.0,645.0,635.0,487.0,668.0,537.0,456.0,606.0,486.0,560.0,626.0,452.0,561.0,616.0,407.0,540.0,582.0,374.0,554.0,594.0,222.0,537.0,484.0,117.0,536.0,479.0,68.0,503.0,477.0,120.0,426.0,452.0,333.0,494.0,205.0,498.0,505.0,107.0,458.0,293.0,387.0,451.0,60.0,399.0,301.0,338.0,306.0,336.0,362.0,130.0,180.0,150.0,64.0,96.0,48.0,55.0,20.0,16.0,26.0,51.0,32.0,55.0,56.0,9.0,15.0,10.0,21.0,11.0,28.0,24.0,29.0,28.0,17.0,23.0,15.0,28.0,11.0,15.0,10.0,17.0,21.0,16.0,11.0,14.0,23.0,13.0,21.0,11.0,8.0,15.0,11.0,20.0,15.0,12.0
16.0,17.0,15.0,13.0,23.0,27.0,18.0,7.0,15.0,9.0,13.0,17.0,15.0,15.0,8.0,14.0,6.0,27.0,23.0,13.0,9.0,18.0,10.0,13.0,9.0,28.0,7.0,12.0,16.0,9.0,10.0,7.0,20.0,24.0,20.0,26.0,16.0,19.0,28.0,11.0,26.0,17.0,36.0,31.0,27.0,19.0,25.0,50.0,22.0,21.0,15.0,14.0,17.0,32.0,17.0,31.0,246.0,108.0,524.0,957.0,659.0,1110.0,931.0,784.0,894.0,722.0,574.0,444.0,660.0,308.0,650.0,578.0,331.0,652.0,543.0,261.0,673.0,531.0,368.0,843.0,781.0,508.0,778.0,724.0,472.0,654.0,682.0,522.0,634.0,716.0,604.0,637.0,705.0,641.0,528.0,728.0,735.0,471.0,701.0,792.0,338.0,686.0,780.0,230.0,730.0,803.0,235.0,737.0,745.0,268.0,734.0,691.0,345.0,704.0,703.0,395.0,684.0,618.0,219.0,544.0,459.0,149.0,548.0,481.0,142.0,528.0,462.0,182.0,453.0,554.0,295.0,502.0,372.0,486.0,526.0,145.0,477.0,552.0,144.0,471.0,237.0,441.0,483.0,78.0,423.0,382.0,316.0,354.0,127.0,468.0,220.0,178.0,161.0,119.0,56.0,30.0,22.0,35.0,23.0,26.0,22.0,22.0,28.0,17.0,10.0,19.0,19.0,14.0,14.0,14.0,24.0,11.0,10.0,17.0,8.0,9.0,21.0,8.0,6.0,14.0,15.0,31.0,30.0,15.0,36.0,15.0,14.0,14.0,13.0,16.0,18.0,18.0,10.0,14.0,15.0,21.0,15.0,13.0,18.0,3.0
12.0,14.0,11.0,12.0,14.0,10.0,16.0,7.0,18.0,19.0,18.0,6.0,15.0,10.0,9.0,13.0,15.0,17.0,11.0,9.0,21.0,14.0,9.0,12.0,18.0,11.0,13.0,13.0,14.0,17.0,3.0,29.0,13.0,7.0,11.0,8.0,16.0,32.0,39.0,14.0,46.0,16.0,52.0,210.0,75.0,535.0,922.0,1090.0,1233.0,996.0,1010.0,697.0,1072.0,853.0,514.0,674.0,588.0,288.0,594.0,661.0,385.0,632.0,406.0,463.0,576.0,869.0,407.0,748.0,797.0,334.0,801.0,861.0,428.0,760.0,758.0,296.0,792.0,831.0,360.0,678.0,682.0,312.0,720.0,864.0,345.0,734.0,788.0,325.0,691.0,760.0,271.0,743.0,725.0,312.0,739.0,711.0,336.0,706.0,689.0,325.0,654.0,451.0,96.0,580.0,473.0,146.0,558.0,475.0,129.0,483.0,446.0,193.0,522.0,541.0,297.0,536.0,168.0,561.0,532.0,111.0,489.0,278.0,445.0,504.0,70.0,444.0,328.0,374.0,411.0,70.0,401.0,319.0,345.0,219.0,259.0,308.0,129.0,126.0,68.0,53.0,96.0,20.0,29.0,19.0,21.0,10.0,20.0,26.0,11.0,22.0,10.0,14.0,13.0,10.0,14.0,5.0,16.0,11.0,9.0,12.0,15.0,13.0,9.0,15.0,23.0,10.0,9.0,16.0,13.0,17.0,14.0,19.0,21.0,22.0,14.0,30.0,13.0,11.0,11.0,14.0,20.0,10.0,15.0,17.0,14.0,12.0,8.0,14.0,28.0,22.0,15.0,12.0,10.0,26.0,11.0,13.0,14.0,14.0,6.0,27.0
9.0,16.0,21.0,10.0,1420.0,17.0,9.0,7.0,27.0,12.0,19.0,12.0,20.0,19.0,24.0,24.0,25.0,24.0,21.0,24.0,12.0,8.0,14.0,8.0,14.0,13.0,8.0,14.0,19.0,18.0,19.0,12.0,5.0,16.0,29.0,30.0,9.0,11.0,263.0,193.0,451.0,788.0,1317.0,1213.0,1103.0,1449.0,994.0,885.0,1122.0,745.0,336.0,740.0,730.0,254.0,673.0,465.0,503.0,611.0,307.0,604.0,792.0,491.0,809.0,744.0,443.0,742.0,784.0,372.0,862.0,749.0,407.0,759.0,722.0,332.0,738.0,769.0,328.0,898.0,816.0,369.0,858.0,769.0,360.0,779.0,720.0,394.0,749.0,700.0,415.0,662.0,663.0,456.0,693.0,642.0,471.0,625.0,592.0,210.0,534.0,515.0,117.0,620.0,486.0,101.0,498.0,439.0,173.0,500.0,447.0,432.0,532.0,150.0,533.0,576.0,134.0,500.0,214.0,507.0,485.0,64.0,431.0,310.0,397.0,378.0,97.0,404.0,320.0,308.0,267.0,291.0,277.0,75.0,178.0,141.0,71.0,108.0,20.0,51.0,40.0,21.0,20.0,34.0,29.0,11.0,17.0,18.0,15.0,37.0,33.0,25.0,33.0,12.0,13.0,19.0,34.0,12.0,31.0,9.0,34.0,14.0,28.0,28.0,12.0,21.0,10.0,19.0,13.0,21.0,13.0,15.0,12.0,20.0,10.0,10.0,10.0,22.0,11.0,9.0,14.0,14.0,17.0,21.0,16.0,36.0,50.0,13.0,47.0,27.0,17.0,15.0,29.0,50.0,11.0,49.0,48.0,16.0,27.0,27.0,22.0,30.0
24.0,11.0,21.0,13.0,12.0,31.0,5.0,10.0,26.0,5.0,33.0,29.0,14.0,14.0,17.0,22.0,16.0,20.0,17.0,14.0,23.0,9.0,18.0,18.0,11.0,14.0,9.0,5.0,16.0,14.0,5.0,16.0,17.0,19.0,20.0,19.0,34.0,22.0,14.0,10.0,13.0,9.0,14.0,18.0,120.0,21.0,13.0,11.0,6.0,15.0,11.0,21.0,20.0,14.0,272.0,92.0,668.0,923.0,766.0,969.0,787.0,557.0,854.0,760.0,405.0,725.0,521.0,130.0,598.0,536.0,160.0,516.0,393.0,371.0,518.0,472.0,613.0,640.0,505.0,659.0,631.0,480.0,648.0,654.0,519.0,671.0,690.0,521.0,641.0,655.0,585.0,475.0,690.0,772.0,320.0,738.0,734.0,248.0,687.0,733.0,233.0,659.0,707.0,266.0,718.0,712.0,319.0,647.0,643.0,299.0,692.0,647.0,299.0,615.0,440.0,97.0,495.0,466.0,136.0,442.0,302.0,368.0,416.0,231.0,502.0,515.0,122.0,491.0,420.0,204.0,458.0,126.0,465.0,448.0,110.0,353.0,197.0,416.0,167.0,179.0,190.0,94.0,55.0,20.0,46.0,27.0,33.0,19.0,22.0,16.0,21.0,27.0,18.0,30.0,14.0,8.0,9.0,11.0,15.0,19.0,4.0,23.0,4.0,8.0,9.0,13.0,12.0,18.0,13.0,21.0,15.0,22.0,11.0,3.0,5.0,19.0,12.0,12.0,11.0,15.0,7.0,4.0,17.0,16.0,11.0,14.0,17.0,11.0,8.0,17.0,13.0,12.0,9.0,17.0,17.0,10.0,15.0,15.0,11.0,23.0
14.0,19.0,16.0,12.0,13.0,14.0,5.0,8.0,9.0,15.0,10.0,33.0,13.0,14.0,5.0,11.0,22.0,9.0,12.0,10.0,10.0,11.0,14.0,7.0,5.0,17.0,10.0,18.0,11.0,12.0,8.0,16.0,13.0,15.0,7.0,20.0,3.0,15.0,14.0,12.0,13.0,15.0,12.0,13.0,14.0,10.0,8.0,9.0,6.0,9.0,9.0,10.0,8.0,9.0,19.0,14.0,6.0,214.0,114.0,832.0,935.0,886.0,911.0,981.0,867.0,516.0,827.0,805.0,355.0,483.0,572.0,64.0,554.0,580.0,104.0,525.0,491.0,264.0,666.0,614.0,434.0,665.0,431.0,545.0,643.0,327.0,609.0,682.0,259.0,651.0,690.0,253.0,608.0,692.0,256.0,647.0,728.0,218.0,594.0,661.0,210.0,617.0,673.0,207.0,580.0,662.0,176.0,584.0,652.0,200.0,580.0,606.0,209.0,598.0,606.0,190.0,549.0,578.0,150.0,445.0,345.0,351.0,451.0,184.0,502.0,424.0,102.0,501.0,542.0,174.0,475.0,242.0,435.0,560.0,168.0,473.0,254.0,409.0,494.0,124.0,406.0,202.0,406.0,382.0,163.0,344.0,220.0,164.0,55.0,70.0,43.0,28.0,22.0,16.0,23.0,14.0,17.0,17.0,17.0,9.0,16.0,17.0,13.0,12.0,23.0,21.0,13.0,9.0,14.0,10.0,16.0,16.0,12.0,6.0,17.0,15.0,13.0,21.0,20.0,4.0,8.0,13.0,10.0,15.0,8.0,4.0,8.0,15.0,13.0,7.0,15.0,13.0,5.0,17.0,10.0,22.0,10.0,12.0,9.0,4.0
13.0,11.0,14.0,9.0,12.0,12.0,21.0,10.0,7.0,11.0,8.0,23.0,13.0,13.0,16.0,12.0,12.0,30.0,7.0,14.0,10.0,16.0,18.0,9.0,18.0,27.0,6.0,10.0,25.0,28.0,6.0,14.0,16.0,7.0,10.0,15.0,15.0,20.0,9.0,11.0,8.0,8.0,12.0,11.0,13.0,25.0,6.0,19.0,5.0,15.0,12.0,21.0,8.0,13.0,14.0,16.0,24.0,10.0,17.0,10.0,4.0,7.0,12.0,11.0,190.0,92.0,438.0,809.0,668.0,795.0,792.0,568.0,738.0,550.0,715.0,565.0,162.0,558.0,546.0,153.0,566.0,201.0,513.0,513.0,92.0,496.0,527.0,280.0,621.0,425.0,477.0,657.0,249.0,607.0,744.0,257.0,668.0,697.0,276.0,669.0,456.0,469.0,669.0,248.0,703.0,663.0,244.0,615.0,722.0,255.0,554.0,689.0,240.0,530.0,641.0,216.0,540.0,606.0,279.0,540.0,448.0,422.0,554.0,285.0,479.0,535.0,110.0,491.0,483.0,97.0,461.0,281.0,375.0,438.0,183.0,505.0,573.0,149.0,478.0,379.0,318.0,507.0,124.0,477.0,491.0,121.0,418.0,171.0,421.0,400.0,61.0,305.0,255.0,287.0,126.0,196.0,127.0,52.0,39.0,20.0,24.0,24.0,34.0,20.0,23.0,17.0,16.0,33.0,13.0,20.0,24.0,17.0,15.0,6.0,6.0,14.0,14.0,25.0,15.0,14.0,12.0,14.0,20.0,6.0,16.0,14.0,18.0,9.0,23.0,9.0,10.0,7.0,10.0,25.0,12.0,21.0,6.0,14.0,13.0,23.0
23.0,11.0,16.0,17.0,20.0,9.0,12.0,17.0,16.0,14.0,16.0,11.0,2.0,4.0,32.0,34.0,11.0,14.0,20.0,14.0,16.0,16.0,14.0,9.0,22.0,17.0,24.0,6.0,5.0,10.0,41.0,12.0,10.0,16.0,17.0,7.0,11.0,13.0,110.0,45.0,347.0,763.0,819.0,1017.0,924.0,780.0,737.0,676.0,536.0,519.0,596.0,173.0,605.0,574.0,135.0,590.0,582.0,288.0,613.0,747.0,303.0,678.0,794.0,290.0,676.0,721.0,269.0,623.0,690.0,241.0,690.0,716.0,321.0,643.0,686.0,320.0,760.0,671.0,349.0,713.0,619.0,402.0,567.0,591.0,520.0,494.0,602.0,570.0,435.0,571.0,631.0,304.0,563.0,603.0,268.0,513.0,372.0,335.0,475.0,290.0,446.0,425.0,254.0,507.0,392.0,131.0,537.0,510.0,165.0,550.0,537.0,97.0,442.0,467.0,232.0,420.0,273.0,433.0,382.0,108.0,447.0,353.0,282.0,299.0,242.0,153.0,96.0,102.0,77.0,35.0,15.0,30.0,32.0,20.0,10.0,19.0,16.0,16.0,15.0,24.0,20.0,19.0,14.0,12.0,9.0,20.0,22.0,21.0,7.0,13.0,15.0,26.0,9.0,14.0,12.0,14.0,8.0,19.0,18.0,18.0,15.0,16.0,14.0,17.0,11.0,11.0,14.0,11.0,16.0,20.0,15.0,9.0,9.0,33.0,15.0,15.0,15.0,27.0,14.0,25.0,17.0,13.0,4.0,14.0,15.0,11.0,16.0,7.0,26.0,12.0,13.0,29.0,19.0,36.0,23.0,14.0,16.0,22.0,13.0,7.0
16.0,12.0,15.0,13.0,8.0,16.0,15.0,22.0,12.0,12.0,7.0,17.0,11.0,10.0,14.0,26.0,15.0,13.0,11.0,7.0,8.0,15.0,6.0,10.0,13.0,21.0,11.0,12.0,20.0,15.0,7.0,9.0,17.0,6.0,13.0,16.0,13.0,6.0,23.0,10.0,22.0,6.0,28.0,13.0,5.0,22.0,7.0,20.0,8.0,13.0,298.0,141.0,242.0,487.0,1027.0,1007.0,773.0,883.0,749.0,667.0,706.0,463.0,187.0,670.0,541.0,195.0,665.0,536.0,154.0,550.0,493.0,249.0,634.0,784.0,380.0,754.0,754.0,286.0,690.0,707.0,267.0,643.0,685.0,277.0,639.0,677.0,273.0,592.0,670.0,240.0,651.0,685.0,304.0,635.0,676.0,315.0,582.0,669.0,291.0,568.0,622.0,219.0,567.0,621.0,161.0,596.0,625.0,208.0,532.0,575.0,191.0,533.0,534.0,107.0,434.0,347.0,327.0,388.0,256.0,438.0,364.0,113.0,494.0,439.0,153.0,425.0,426.0,181.0,386.0,165.0,423.0,415.0,35.0,346.0,253.0,315.0,275.0,190.0,351.0,123.0,135.0,93.0,105.0,21.0,16.0,18.0,20.0,16.0,19.0,19.0,17.0,14.0,21.0,11.0,16.0,24.0,11.0,7.0,10.0,22.0,12.0,7.0,16.0,14.0,8.0,11.0,11.0,14.0,10.0,9.0,15.0,10.0,13.0,15.0,15.0,7.0,8.0,17.0,15.0,15.0,12.0,11.0,13.0,13.0,12.0,12.0,14.0,19.0,16.0,9.0,9.0,15.0,7.0,16.0,25.0,14.0,6.0,14.0,12.0,9.0
15.0,33.0,45.0,17.0,41.0,27.0,22.0,38.0,19.0,38.0,20.0,30.0,49.0,23.0,32.0,26.0,20.0,39.0,19.0,16.0,45.0,14.0,16.0,24.0,14.0,25.0,34.0,26.0,33.0,22.0,17.0,39.0,22.0,14.0,14.0,34.0,31.0,20.0,33.0,18.0,12.0,21.0,10.0,17.0,14.0,17.0,7.0,114.0,112.0,230.0,739.0,701.0,1061.0,887.0,688.0,1029.0,888.0,332.0,586.0,624.0,111.0,589.0,545.0,315.0,612.0,241.0,598.0,746.0,390.0,803.0,853.0,308.0,687.0,753.0,274.0,742.0,690.0,354.0,653.0,688.0,350.0,680.0,480.0,487.0,732.0,390.0,629.0,666.0,259.0,751.0,757.0,294.0,649.0,684.0,241.0,644.0,705.0,249.0,652.0,686.0,230.0,612.0,697.0,197.0,582.0,665.0,179.0,543.0,603.0,252.0,512.0,192.0,507.0,465.0,46.0,453.0,428.0,187.0,392.0,237.0,414.0,496.0,139.0,453.0,370.0,269.0,467.0,114.0,406.0,378.0,235.0,349.0,141.0,471.0,185.0,221.0,192.0,116.0,54.0,32.0,34.0,29.0,26.0,20.0,20.0,20.0,18.0,16.0,17.0,21.0,15.0,14.0,28.0,14.0,10.0,13.0,16.0,15.0,19.0,17.0,17.0,17.0,12.0,10.0,17.0,9.0,4.0,11.0,14.0,20.0,15.0,9.0,19.0,23.0,8.0,22.0,11.0,15.0,12.0,16.0,14.0,6.0,15.0,16.0,16.0,6.0,14.0,10.0,12.0,4.0,10.0,4.0,16.0,14.0,8.0,8.0,20.0,22.0,12.0,12.0
24.0,7.0,7.0,15.0,9.0,12.0,17.0,14.0,14.0,10.0,11.0,10.0,6.0,12.0,8.0,16.0,12.0,9.0,13.0,12.0,19.0,10.0,16.0,12.0,14.0,15.0,14.0,12.0,8.0,14.0,13.0,11.0,6.0,13.0,14.0,22.0,8.0,9.0,19.0,17.0,19.0,7.0,20.0,12.0,17.0,11.0,13.0,7.0,218.0,55.0,159.0,337.0,950.0,902.0,935.0,654.0,700.0,805.0,423.0,501.0,299.0,585.0,583.0,192.0,683.0,561.0,91.0,618.0,575.0,129.0,753.0,825.0,335.0,776.0,880.0,312.0,751.0,856.0,332.0,753.0,852.0,338.0,785.0,817.0,299.0,699.0,761.0,331.0,702.0,791.0,267.0,823.0,752.0,361.0,773.0,767.0,369.0,799.0,709.0,440.0,742.0,657.0,433.0,646.0,630.0,445.0,609.0,596.0,201.0,615.0,467.0,141.0,628.0,473.0,104.0,491.0,545.0,209.0,520.0,412.0,459.0,534.0,170.0,517.0,539.0,127.0,460.0,180.0,452.0,453.0,57.0,379.0,323.0,368.0,293.0,290.0,371.0,133.0,148.0,158.0,121.0,55.0,29.0,51.0,15.0,28.0,29.0,17.0,16.0,15.0,11.0,33.0,18.0,24.0,21.0,16.0,13.0,10.0,15.0,22.0,9.0,9.0,8.0,5.0,6.0,5.0,11.0,12.0,8.0,11.0,11.0,6.0,19.0,11.0,16.0,20.0,12.0,7.0,9.0,5.0,5.0,10.0,22.0,18.0,15.0,7.0,9.0,18.0,16.0,3.0,9.0,24.0,14.0,12.0,23.0,13.0,10.0,25.0,10.0,10.0
17.0,25.0,16.0,6.0,13.0,8.0,36.0,9.0,19.0,13.0,10.0,15.0,16.0,11.0,21.0,10.0,12.0,13.0,8.0,15.0,8.0,19.0,8.0,11.0,7.0,15.0,4.0,19.0,14.0,24.0,5.0,23.0,13.0,12.0,10.0,23.0,23.0,14.0,13.0,20.0,17.0,19.0,23.0,16.0,21.0,10.0,51.0,17.0,36.0,14.0,7.0,15.0,11.0,11.0,2.0,33.0,22.0,13.0,10.0,12.0,7.0,275.0,211.0,473.0,878.0,1234.0,945.0,1048.0,1417.0,1273.0,969.0,985.0,754.0,370.0,622.0,620.0,344.0,600.0,631.0,236.0,608.0,604.0,581.0,703.0,805.0,801.0,536.0,714.0,784.0,403.0,749.0,748.0,237.0,831.0,749.0,327.0,770.0,866.0,320.0,722.0,820.0,280.0,796.0,749.0,332.0,816.0,727.0,359.0,719.0,699.0,402.0,639.0,640.0,507.0,582.0,598.0,443.0,468.0,512.0,235.0,541.0,421.0,131.0,498.0,411.0,64.0,492.0,534.0,170.0,461.0,327.0,417.0,461.0,90.0,448.0,412.0,197.0,383.0,192.0,395.0,339.0,204.0,339.0,228.0,164.0,155.0,99.0,57.0,29.0,20.0,22.0,20.0,22.0,17.0,24.0,31.0,17.0,12.0,17.0,17.0,14.0,15.0,11.0,16.0,25.0,14.0,21.0,10.0,17.0,10.0,6.0,16.0,24.0,8.0,7.0,15.0,12.0,14.0,20.0,25.0,24.0,24.0,12.0,19.0,28.0,16.0,15.0,26.0,17.0,16.0,19.0,22.0,11.0,15.0,24.0,8.0,13.0,26.0,8.0,15.0
17.0,11.0,7.0,10.0,18.0,8.0,13.0,21.0,13.0,12.0,16.0,10.0,16.0,24.0,22.0,20.0,7.0,5.0,13.0,14.0,14.0,11.0,6.0,10.0,9.0,12.0,14.0,17.0,14.0,13.0,11.0,16.0,19.0,16.0,18.0,13.0,15.0,11.0,12.0,14.0,16.0,14.0,39.0,16.0,22.0,11.0,6.0,27.0,17.0,25.0,50.0,8.0,10.0,26.0,15.0,20.0,33.0,15.0,191.0,108.0,307.0,616.0,1261.0,1153.0,929.0,1307.0,886.0,574.0,914.0,424.0,150.0,621.0,604.0,102.0,545.0,458.0,231.0,577.0,470.0,462.0,713.0,703.0,535.0,736.0,529.0,596.0,724.0,485.0,611.0,668.0,331.0,776.0,689.0,321.0,726.0,743.0,286.0,729.0,696.0,287.0,686.0,716.0,291.0,722.0,738.0,295.0,698.0,735.0,280.0,705.0,701.0,264.0,676.0,675.0,241.0,585.0,455.0,167.0,511.0,452.0,209.0,450.0,322.0,412.0,475.0,347.0,490.0,537.0,147.0,531.0,507.0,115.0,446.0,268.0,474.0,441.0,48.0,402.0,342.0,347.0,330.0,170.0,441.0,202.0,186.0,140.0,115.0,73.0,23.0,37.0,22.0,21.0,40.0,19.0,18.0,9.0,8.0,13.0,11.0,15.0,13.0,14.0,8.0,13.0,16.0,27.0,6.0,8.0,17.0,20.0,15.0,13.0,12.0,9.0,21.0,14.0,6.0,15.0,18.0,26.0,16.0,15.0,12.0,12.0,16.0,13.0,14.0,17.0,20.0,8.0,9.0,20.0,10.0,18.0,11.0,16.0,23.0,6.0,13.0,7.0
13.0,8.0,9.0,16.0,17.0,11.0,12.0,21.0,18.0,22.0,12.0,14.0,14.0,16.0,10.0,13.0,9.0,22.0,10.0,15.0,17.0,23.0,12.0,13.0,9.0,13.0,9.0,9.0,13.0,9.0,11.0,5.0,15.0,8.0,9.0,17.0,18.0,22.0,15.0,20.0,10.0,18.0,17.0,6.0,13.0,17.0,20.0,9.0,40.0,11.0,27.0,21.0,9.0,117.0,78.0,513.0,870.0,894.0,1316.0,1075.0,819.0,864.0,845.0,546.0,898.0,552.0,137.0,658.0,492.0,81.0,566.0,567.0,190.0,722.0,798.0,275.0,740.0,732.0,225.0,709.0,696.0,260.0,688.0,761.0,219.0,735.0,781.0,275.0,768.0,729.0,311.0,703.0,787.0,235.0,766.0,719.0,293.0,734.0,817.0,336.0,749.0,722.0,352.0,700.0,702.0,350.0,685.0,637.0,380.0,615.0,420.0,146.0,588.0,450.0,145.0,564.0,458.0,101.0,472.0,453.0,189.0,480.0,347.0,446.0,518.0,124.0,475.0,486.0,211.0,472.0,133.0,482.0,438.0,184.0,373.0,197.0,426.0,152.0,176.0,156.0,86.0,103.0,47.0,33.0,31.0,24.0,18.0,16.0,18.0,19.0,34.0,19.0,17.0,15.0,22.0,12.0,13.0,12.0,18.0,14.0,24.0,17.0,16.0,22.0,12.0,12.0,12.0,21.0,11.0,16.0,7.0,7.0,18.0,14.0,7.0,17.0,11.0,16.0,5.0,10.0,15.0,11.0,18.0,9.0,23.0,24.0,20.0,22.0,7.0,23.0,13.0,15.0,8.0,21.0,17.0,14.0,19.0,8.0,33.0,14.0
10.0,16.0,15.0,23.0,14.0,10.0,12.0,13.0,8.0,15.0,13.0,17.0,10.0,10.0,15.0,5.0,14.0,10.0,11.0,9.0,17.0,10.0,10.0,6.0,17.0,12.0,7.0,12.0,7.0,17.0,13.0,9.0,13.0,13.0,14.0,18.0,22.0,3.0,5.0,9.0,12.0,7.0,13.0,7.0,19.0,15.0,10.0,14.0,17.0,11.0,10.0,8.0,10.0,10.0,19.0,10.0,11.0,14.0,13.0,11.0,21.0,18.0,13.0,14.0,8.0,24.0,7.0,19.0,14.0,9.0,19.0,17.0,17.0,26.0,9.0,21.0,12.0,15.0,13.0,7.0,11.0,9.0,22.0,15.0,12.0,13.0,17.0,168.0,46.0,385.0,746.0,891.0,770.0,1055.0,884.0,661.0,788.0,834.0,611.0,804.0,400.0,253.0,539.0,140.0,540.0,579.0,51.0,554.0,729.0,290.0,649.0,765.0,290.0,659.0,724.0,322.0,698.0,638.0,299.0,664.0,595.0,497.0,742.0,576.0,478.0,679.0,465.0,515.0,747.0,400.0,627.0,693.0,335.0,655.0,737.0,327.0,692.0,709.0,254.0,673.0,587.0,150.0,556.0,508.0,198.0,522.0,239.0,528.0,503.0,111.0,565.0,637.0,154.0,555.0,421.0,403.0,557.0,146.0,518.0,533.0,139.0,445.0,273.0,482.0,406.0,110.0,396.0,312.0,268.0,177.0,218.0,136.0,43.0,45.0,29.0,32.0,19.0,17.0,30.0,14.0,24.0,13.0,30.0,19.0,30.0,16.0,15.0,14.0,14.0,14.0,15.0,17.0,13.0,15.0,10.0,16.0,11.0,18.0,4.0,19.0
7.0,6.0,11.0,18.0,11.0,13.0,25.0,7.0,24.0,14.0,12.0,12.0,9.0,8.0,18.0,11.0,17.0,11.0,15.0,18.0,14.0,9.0,17.0,8.0,7.0,12.0,16.0,15.0,11.0,11.0,18.0,9.0,20.0,10.0,21.0,7.0,8.0,15.0,16.0,14.0,12.0,8.0,6.0,8.0,15.0,10.0,9.0,20.0,7.0,9.0,8.0,18.0,11.0,12.0,18.0,14.0,15.0,11.0,14.0,22.0,11.0,25.0,13.0,7.0,26.0,6.0,252.0,133.0,349.0,719.0,775.0,905.0,860.0,636.0,733.0,773.0,380.0,661.0,511.0,87.0,509.0,497.0,242.0,517.0,255.0,480.0,515.0,198.0,657.0,715.0,329.0,687.0,738.0,247.0,621.0,719.0,273.0,638.0,672.0,226.0,629.0,786.0,252.0,672.0,724.0,217.0,613.0,653.0,231.0,603.0,661.0,222.0,617.0,657.0,223.0,575.0,618.0,217.0,572.0,604.0,253.0,550.0,528.0,365.0,490.0,153.0,523.0,427.0,106.0,463.0,430.0,111.0,377.0,403.0,324.0,456.0,173.0,467.0,482.0,75.0,397.0,303.0,364.0,387.0,82.0,369.0,375.0,217.0,306.0,227.0,364.0,130.0,149.0,154.0,86.0,54.0,22.0,33.0,16.0,17.0,15.0,16.0,23.0,16.0,13.0,18.0,23.0,11.0,15.0,13.0,7.0,4.0,21.0,8.0,6.0,9.0,15.0,12.0,9.0,16.0,14.0,15.0,17.0,15.0,12.0,10.0,14.0,10.0,10.0,10.0,6.0,8.0,17.0,11.0,14.0,11.0,6.0,28.0,9.0,15.0
15.0,10.0,11.0,10.0,9.0,16.0,12.0,10.0,13.0,12.0,12.0,13.0,15.0,11.0,14.0,8.0,13.0,10.0,14.0,7.0,14.0,13.0,9.0,8.0,15.0,12.0,16.0,9.0,15.0,22.0,11.0,14.0,17.0,7.0,15.0,13.0,15.0,19.0,6.0,15.0,15.0,22.0,16.0,13.0,14.0,10.0,13.0,26.0,5.0,13.0,8.0,5.0,20.0,16.0,8.0,17.0,6.0,22.0,8.0,8.0,279.0,217.0,628.0,1073.0,1063.0,1052.0,1009.0,977.0,1163.0,802.0,531.0,883.0,541.0,287.0,629.0,621.0,157.0,650.0,545.0,253.0,603.0,489.0,505.0,770.0,842.0,450.0,763.0,742.0,267.0,733.0,765.0,322.0,739.0,840.0,265.0,812.0,752.0,353.0,736.0,821.0,295.0,851.0,766.0,384.0,760.0,729.0,355.0,768.0,675.0,386.0,699.0,635.0,396.0,656.0,587.0,398.0,549.0,345.0,144.0,551.0,425.0,134.0,485.0,412.0,161.0,395.0,429.0,346.0,461.0,199.0,491.0,443.0,84.0,398.0,346.0,310.0,397.0,100.0,380.0,371.0,131.0,320.0,279.0,236.0,89.0,111.0,49.0,14.0,30.0,14.0,24.0,10.0,18.0,20.0,31.0,16.0,24.0,12.0,28.0,12.0,13.0,23.0,17.0,15.0,15.0,13.0,8.0,16.0,11.0,15.0,9.0,11.0,13.0,12.0,8.0,13.0,14.0,5.0,15.0,14.0,12.0,6.0,6.0,8.0,11.0,15.0,5.0,24.0,8.0,8.0,7.0,15.0,14.0,7.0,12.0,12.0,5.0,18.0,10.0,13.0
8.0,9.0,17.0,15.0,9.0,15.0,7.0,16.0,7.0,16.0,13.0,9.0,15.0,14.0,7.0,18.0,14.0,7.0,11.0,9.0,7.0,5.0,14.0,17.0,19.0,10.0,14.0,19.0,10.0,23.0,8.0,22.0,12.0,9.0,11.0,7.0,14.0,12.0,16.0,14.0,10.0,6.0,15.0,16.0,12.0,16.0,8.0,7.0,16.0,15.0,17.0,9.0,13.0,16.0,15.0,12.0,13.0,14.0,12.0,14.0,11.0,16.0,228.0,266.0,270.0,785.0,1044.0,914.0,667.0,1130.0,916.0,529.0,925.0,744.0,293.0,490.0,573.0,188.0,537.0,445.0,398.0,529.0,247.0,561.0,619.0,435.0,791.0,759.0,399.0,752.0,772.0,295.0,769.0,693.0,329.0,747.0,744.0,323.0,700.0,693.0,281.0,703.0,657.0,293.0,667.0,650.0,316.0,697.0,718.0,293.0,737.0,701.0,221.0,630.0,637.0,203.0,623.0,577.0,172.0,454.0,333.0,360.0,418.0,176.0,482.0,344.0,83.0,387.0,447.0,204.0,437.0,236.0,467.0,452.0,75.0,411.0,375.0,274.0,385.0,102.0,430.0,365.0,167.0,311.0,270.0,264.0,99.0,114.0,66.0,40.0,45.0,19.0,16.0,11.0,18.0,18.0,23.0,10.0,16.0,10.0,14.0,24.0,14.0,27.0,12.0,4.0,10.0,12.0,20.0,11.0,9.0,13.0,15.0,13.0,7.0,14.0,10.0,24.0,15.0,11.0,19.0,23.0,16.0,27.0,13.0,10.0,10.0,12.0,12.0,9.0,13.0,7.0,13.0,11.0,8.0,7.0,13.0,13.0,10.0,7.0
17.0,27.0,12.0,14.0,15.0,19.0,7.0,9.0,13.0,15.0,14.0,10.0,6.0,11.0,5.0,20.0,20.0,30.0,14.0,12.0,16.0,22.0,12.0,10.0,6.0,15.0,11.0,18.0,23.0,18.0,14.0,13.0,5.0,22.0,6.0,18.0,17.0,18.0,11.0,38.0,9.0,35.0,12.0,11.0,6.0,16.0,15.0,18.0,13.0,25.0,14.0,13.0,15.0,16.0,267.0,126.0,641.0,1125.0,850.0,1278.0,955.0,736.0,1000.0,881.0,543.0,757.0,641.0,197.0,730.0,655.0,147.0,661.0,562.0,222.0,635.0,789.0,518.0,771.0,764.0,560.0,794.0,680.0,546.0,768.0,641.0,495.0,691.0,562.0,548.0,743.0,450.0,670.0,678.0,422.0,614.0,690.0,298.0,737.0,670.0,311.0,700.0,658.0,246.0,648.0,637.0,173.0,606.0,674.0,167.0,533.0,584.0,159.0,524.0,413.0,335.0,442.0,97.0,508.0,407.0,132.0,400.0,275.0,380.0,469.0,148.0,497.0,484.0,140.0,429.0,161.0,432.0,438.0,74.0,349.0,189.0,410.0,260.0,215.0,309.0,158.0,142.0,77.0,126.0,76.0,17.0,45.0,20.0,25.0,23.0,16.0,12.0,21.0,15.0,10.0,20.0,8.0,13.0,9.0,12.0,9.0,14.0,7.0,8.0,13.0,10.0,7.0,5.0,15.0,13.0,15.0,21.0,11.0,5.0,15.0,16.0,25.0,8.0,13.0,10.0,20.0,26.0,11.0,15.0,12.0,3.0,24.0,14.0,9.0,16.0,10.0,11.0,5.0,19.0,15.0,11.0,12.0,11.0,19.0,7.0,15.0
10.0,12.0,14.0,19.0,13.0,11.0,24.0,27.0,11.0,13.0,28.0,16.0,9.0,11.0,14.0,16.0,7.0,8.0,13.0,11.0,12.0,19.0,8.0,22.0,21.0,17.0,12.0,11.0,7.0,12.0,14.0,24.0,4.0,15.0,10.0,15.0,12.0,14.0,18.0,15.0,12.0,12.0,16.0,14.0,16.0,17.0,14.0,11.0,19.0,7.0,20.0,7.0,15.0,5.0,15.0,7.0,12.0,16.0,14.0,4.0,21.0,11.0,10.0,14.0,13.0,18.0,23.0,17.0,11.0,34.0,7.0,11.0,19.0,23.0,18.0,5.0,6.0,16.0,9.0,20.0,13.0,13.0,9.0,28.0,9.0,20.0,15.0,19.0,25.0,10.0,14.0,28.0,8.0,16.0,12.0,4.0,9.0,11.0,12.0,15.0,28.0,18.0,10.0,15.0,16.0,17.0,13.0,17.0,6.0,11.0,6.0,9.0,10.0,10.0,13.0,22.0,12.0,16.0,10.0,24.0,14.0,8.0,18.0,8.0,4.0,6.0,13.0,10.0,7.0,14.0,9.0,27.0,41.0,15.0,12.0,18.0,20.0,6.0,17.0,17.0,4.0,16.0,9.0,17.0,10.0,21.0,12.0,12.0,22.0,17.0,16.0,7.0,14.0,6.0,15.0,20.0,30.0,18.0,13.0,14.0,13.0,20.0,12.0,14.0,7.0,22.0,13.0,19.0,16.0,14.0,20.0,7.0,23.0,8.0,8.0,11.0,14.0,10.0,10.0,14.0,11.0,8.0,11.0,18.0,17.0,18.0,27.0,16.0,17.0,8.0,18.0,46.0,53.0,32.0,25.0,29.0,32.0,20.0,21.0,20.0
21.0,7.0,24.0,20.0,5.0,14.0,18.0,15.0,14.0,15.0,19.0,27.0,16.0,7.0,9.0,17.0,9.0,14.0,12.0,15.0,14.0,23.0,24.0,12.0,21.0,5.0,15.0,11.0,19.0,12.0,14.0,14.0,18.0,16.0,12.0,9.0,4.0,11.0,22.0,28.0,5.0,9.0,9.0,15.0,9.0,8.0,13.0,14.0,14.0,15.0,7.0,20.0,9.0,19.0,22.0,14.0,15.0,11.0,9.0,15.0,11.0,14.0,19.0,8.0,9.0,8.0,9.0,9.0,12.0,12.0,12.0,16.0,6.0,17.0,18.0,27.0,26.0,11.0,11.0,19.0,11.0,26.0,14.0,9.0,10.0,14.0,17.0,23.0,20.0,21.0,740.0,441.0,875.0,0.0,0.0,105.0,431.0,270.0,6.0,4.0,10.0,182.0,472.0,734.0,763.0,821.0,1199.0,969.0,1166.0,863.0,1203.0,1125.0,1304.0,770.0,1179.0,967.0,1380.0,1106.0,611.0,911.0,1084.0,1328.0,984.0,653.0,1108.0,909.0,1244.0,973.0,885.0,662.0,955.0,946.0,1001.0,1157.0,840.0,949.0,872.0,938.0,818.0,448.0,502.0,870.0,855.0,369.0,716.0,747.0,867.0,558.0,826.0,737.0,369.0,688.0,253.0,646.0,748.0,283.0,544.0,250.0,366.0,181.0,321.0,208.0,309.0,169.0,103.0,78.0,34.0,30.0,39.0,25.0,19.0,15.0,16.0,28.0,19.0,25.0,8.0,18.0,20.0,12.0,16.0,12.0,17.0,17.0,17.0,28.0,6.0,9.0,9.0,15.0,20.0,10.0,15.0,27.0,7.0,18.0,22.0,19.0,10.0,9.0
23.0,18.0,20.0,16.0,18.0,54.0,11.0,20.0,7.0,10.0,15.0,5.0,32.0,17.0,10.0,25.0,10.0,36.0,18.0,17.0,46.0,9.0,13.0,11.0,16.0,11.0,14.0,28.0,11.0,28.0,19.0,15.0,23.0,14.0,12.0,25.0,45.0,25.0,13.0,28.0,14.0,12.0,14.0,21.0,23.0,60.0,29.0,39.0,15.0,36.0,25.0,10.0,19.0,35.0,18.0,31.0,44.0,16.0,11.0,13.0,12.0,9.0,12.0,11.0,13.0,17.0,43.0,13.0,257.0,277.0,987.0,1120.0,1665.0,1361.0,1214.0,372.0,363.0,849.0,775.0,257.0,229.0,203.0,587.0,648.0,812.0,605.0,1095.0,1226.0,1359.0,853.0,1335.0,1296.0,1266.0,1118.0,1079.0,1084.0,1218.0,1317.0,1106.0,760.0,1050.0,1175.0,1290.0,1152.0,1113.0,960.0,1133.0,1060.0,1190.0,1364.0,1086.0,1224.0,845.0,1121.0,986.0,1105.0,1108.0,971.0,937.0,771.0,972.0,977.0,606.0,583.0,750.0,682.0,822.0,532.0,604.0,819.0,996.0,399.0,829.0,813.0,154.0,563.0,369.0,574.0,555.0,72.0,398.0,262.0,400.0,258.0,189.0,129.0,156.0,177.0,123.0,93.0,47.0,26.0,27.0,23.0,43.0,14.0,13.0,24.0,15.0,20.0,17.0,13.0,24.0,10.0,20.0,15.0,5.0,28.0,15.0,10.0,9.0,23.0,14.0,11.0,32.0,17.0,16.0,32.0,22.0,36.0,20.0,25.0,41.0,15.0,25.0,14.0,7.0,14.0,44.0,40.0,15.0,31.0,18.0,8.0,17.0,24.0,32.0,16.0,13.0,11.0
11.0,26.0,15.0,6.0,15.0,5.0,28.0,16.0,18.0,16.0,13.0,13.0,10.0,24.0,36.0,18.0,22.0,26.0,9.0,14.0,12.0,15.0,12.0,14.0,10.0,10.0,17.0,14.0,20.0,24.0,10.0,13.0,9.0,7.0,21.0,10.0,13.0,10.0,8.0,8.0,15.0,11.0,8.0,12.0,20.0,8.0,3.0,13.0,21.0,31.0,8.0,24.0,12.0,21.0,10.0,18.0,13.0,12.0,15.0,22.0,13.0,15.0,15.0,13.0,20.0,12.0,15.0,750.0,496.0,1413.0,1281.0,1454.0,999.0,870.0,1219.0,825.0,1068.0,840.0,768.0,1135.0,1108.0,1279.0,589.0,1162.0,995.0,1000.0,799.0,1266.0,1340.0,1389.0,1200.0,1171.0,1470.0,1047.0,945.0,1170.0,1349.0,1116.0,787.0,1215.0,1350.0,1359.0,597.0,1202.0,1334.0,1346.0,931.0,1173.0,1207.0,1551.0,1173.0,964.0,1199.0,1155.0,1343.0,1130.0,873.0,1041.0,960.0,1094.0,1090.0,479.0,536.0,989.0,961.0,414.0,859.0,816.0,781.0,683.0,870.0,974.0,350.0,720.0,326.0,701.0,874.0,205.0,609.0,168.0,434.0,387.0,395.0,187.0,86.0,48.0,50.0,48.0,43.0,21.0,25.0,19.0,29.0,15.0,38.0,24.0,12.0,25.0,15.0,17.0,23.0,25.0,51.0,8.0,18.0,16.0,15.0,22.0,11.0,15.0,15.0,13.0,16.0,18.0,28.0,14.0,20.0,21.0,24.0,33.0,31.0,14.0,28.0,12.0,37.0,14.0,52.0,51.0,16.0,68.0,19.0,19.0,30.0,22.0,39.0,27.0,40.0,18.0,34.0,27.0
10.0,10.0,18.0,14.0,11.0,15.0,27.0,18.0,9.0,14.0,19.0,22.0,10.0,19.0,5.0,9.0,22.0,12.0,10.0,12.0,12.0,15.0,29.0,18.0,22.0,17.0,5.0,35.0,12.0,26.0,10.0,14.0,14.0,13.0,12.0,13.0,17.0,24.0,21.0,13.0,25.0,22.0,21.0,10.0,15.0,9.0,10.0,11.0,14.0,10.0,14.0,15.0,13.0,14.0,19.0,9.0,9.0,17.0,10.0,10.0,14.0,15.0,7.0,15.0,13.0,14.0,19.0,18.0,16.0,313.0,691.0,776.0,1649.0,1317.0,0.0,1280.0,382.0,500.0,588.0,355.0,411.0,675.0,561.0,1068.0,1026.0,1106.0,656.0,1496.0,1232.0,1484.0,1279.0,1492.0,1218.0,1389.0,1404.0,779.0,1245.0,1296.0,1563.0,1275.0,1103.0,1255.0,1182.0,1482.0,1178.0,829.0,1128.0,994.0,1103.0,1312.0,1059.0,961.0,1068.0,1003.0,1259.0,1136.0,1064.0,681.0,1204.0,1031.0,1127.0,944.0,445.0,642.0,968.0,868.0,411.0,810.0,944.0,459.0,895.0,888.0,237.0,762.0,521.0,716.0,846.0,241.0,591.0,243.0,415.0,170.0,332.0,260.0,289.0,119.0,84.0,81.0,47.0,69.0,34.0,18.0,15.0,16.0,17.0,19.0,13.0,13.0,17.0,22.0,16.0,22.0,13.0,22.0,17.0,18.0,18.0,16.0,26.0,12.0,17.0,17.0,14.0,18.0,24.0,14.0,16.0,12.0,16.0,15.0,17.0,6.0,19.0,20.0,33.0,17.0,20.0,26.0,6.0,30.0,7.0,11.0,17.0,12.0,6.0,13.0,23.0,12.0,23.0,13.0
13.0,10.0,16.0,11.0,15.0,11.0,18.0,22.0,17.0,19.0,32.0,16.0,18.0,15.0,10.0,17.0,16.0,13.0,8.0,13.0,20.0,8.0,11.0,27.0,15.0,11.0,20.0,21.0,8.0,10.0,11.0,8.0,22.0,22.0,19.0,19.0,20.0,13.0,12.0,10.0,22.0,21.0,21.0,12.0,13.0,18.0,17.0,20.0,15.0,14.0,7.0,19.0,18.0,379.0,443.0,424.0,1476.0,1933.0,530.0,1630.0,1141.0,1505.0,48.0,96.0,356.0,1169.0,1126.0,925.0,1000.0,945.0,1141.0,503.0,1220.0,1181.0,1300.0,592.0,1433.0,1162.0,1358.0,998.0,1119.0,1123.0,1510.0,1224.0,1120.0,1225.0,1520.0,1134.0,772.0,1226.0,1063.0,1195.0,1113.0,737.0,1076.0,983.0,1374.0,1150.0,735.0,975.0,927.0,1078.0,936.0,868.0,926.0,909.0,958.0,1095.0,814.0,643.0,961.0,963.0,1030.0,687.0,889.0,998.0,998.0,536.0,858.0,1087.0,328.0,831.0,624.0,401.0,851.0,196.0,665.0,315.0,487.0,517.0,298.0,222.0,117.0,101.0,114.0,129.0,71.0,104.0,56.0,19.0,22.0,32.0,25.0,42.0,23.0,23.0,26.0,48.0,26.0,18.0,21.0,18.0,30.0,13.0,13.0,25.0,20.0,16.0,18.0,15.0,13.0,19.0,13.0,8.0,39.0,42.0,23.0,23.0,17.0,17.0,24.0,35.0,25.0,18.0,28.0,26.0,13.0,14.0,14.0,21.0,29.0,30.0,29.0,8.0,11.0,29.0,35.0,29.0,13.0,30.0,15.0,16.0,12.0,13.0,13.0,15.0,15.0,19.0,18.0,9.0
22.0,16.0,13.0,17.0,12.0,14.0,10.0,13.0,15.0,17.0,7.0,16.0,12.0,9.0,17.0,18.0,20.0,16.0,24.0,23.0,12.0,31.0,17.0,11.0,12.0,10.0,17.0,6.0,17.0,10.0,15.0,20.0,8.0,9.0,7.0,24.0,11.0,23.0,21.0,13.0,16.0,15.0,19.0,11.0,9.0,8.0,9.0,18.0,17.0,20.0,14.0,18.0,341.0,433.0,1446.0,1691.0,1173.0,1386.0,1279.0,654.0,375.0,497.0,392.0,366.0,878.0,822.0,445.0,965.0,1001.0,460.0,1157.0,991.0,1251.0,744.0,1317.0,1275.0,1458.0,1049.0,1354.0,1419.0,1211.0,972.0,1150.0,1079.0,1249.0,944.0,1170.0,1068.0,1308.0,1033.0,943.0,857.0,1017.0,1153.0,1162.0,906.0,699.0,998.0,863.0,1047.0,1034.0,998.0,706.0,1112.0,772.0,983.0,491.0,770.0,828.0,951.0,383.0,1021.0,835.0,675.0,929.0,869.0,292.0,816.0,629.0,640.0,741.0,269.0,574.0,178.0,402.0,130.0,369.0,263.0,291.0,123.0,105.0,61.0,42.0,33.0,39.0,19.0,18.0,24.0,25.0,12.0,28.0,14.0,14.0,13.0,15.0,8.0,17.0,16.0,25.0,30.0,35.0,17.0,27.0,17.0,11.0,15.0,36.0,39.0,14.0,49.0,34.0,13.0,27.0,26.0,18.0,17.0,15.0,30.0,13.0,25.0,17.0,9.0,23.0,14.0,14.0,10.0,11.0,9.0,14.0,4.0,9.0,15.0,12.0,8.0,11.0,26.0,8.0,14.0,13.0,17.0,21.0,44.0,16.0,9.0,24.0,13.0,27.0,19.0,6.0,26.0
23.0,12.0,7.0,14.0,9.0,18.0,8.0,11.0,18.0,17.0,9.0,7.0,21.0,16.0,25.0,22.0,20.0,9.0,12.0,10.0,9.0,12.0,11.0,24.0,8.0,18.0,8.0,8.0,22.0,13.0,35.0,23.0,10.0,15.0,22.0,17.0,15.0,12.0,9.0,16.0,582.0,850.0,767.0,331.0,171.0,1007.0,1561.0,519.0,2.0,4.0,9.0,18.0,247.0,425.0,558.0,986.0,968.0,283.0,1181.0,1041.0,1213.0,702.0,1347.0,1560.0,1250.0,467.0,1114.0,1548.0,1217.0,997.0,1167.0,1254.0,1294.0,627.0,1255.0,1101.0,1162.0,1072.0,711.0,1082.0,1144.0,1128.0,945.0,744.0,1103.0,923.0,1084.0,986.0,911.0,628.0,997.0,943.0,990.0,889.0,536.0,842.0,905.0,738.0,562.0,797.0,963.0,316.0,1051.0,1035.0,236.0,787.0,838.0,332.0,936.0,211.0,683.0,367.0,513.0,481.0,354.0,247.0,164.0,125.0,89.0,65.0,30.0,16.0,41.0,23.0,50.0,32.0,13.0,28.0,19.0,12.0,14.0,15.0,19.0,12.0,16.0,28.0,15.0,18.0,10.0,28.0,36.0,10.0,29.0,22.0,16.0,17.0,21.0,6.0,27.0,22.0,24.0,11.0,11.0,20.0,40.0,19.0,49.0,13.0,48.0,27.0,16.0,32.0,17.0,9.0,17.0,16.0,26.0,25.0,29.0,33.0,31.0,14.0,40.0,20.0,20.0,19.0,13.0,38.0,18.0,24.0,37.0,15.0,46.0,8.0,17.0,18.0,13.0,23.0,18.0,19.0,29.0,5.0,15.0,17.0,15.0,31.0,14.0,25.0,25.0,8.0
28.0,26.0,30.0,59.0,26.0,2.0,45.0,14.0,17.0,3.0,32.0,45.0,13.0,42.0,31.0,19.0,53.0,11.0,22.0,22.0,10.0,10.0,7.0,20.0,18.0,14.0,9.0,18.0,15.0,24.0,16.0,13.0,30.0,13.0,35.0,8.0,16.0,28.0,15.0,20.0,15.0,149.0,845.0,881.0,50.0,1367.0,1160.0,53.0,99.0,394.0,858.0,922.0,951.0,1138.0,1184.0,1328.0,993.0,1060.0,1272.0,1539.0,1221.0,904.0,1483.0,1305.0,1184.0,1183.0,713.0,1097.0,1104.0,1469.0,1034.0,796.0,1181.0,985.0,1240.0,907.0,918.0,781.0,1191.0,936.0,1033.0,1137.0,1117.0,801.0,1114.0,1027.0,1126.0,1006.0,913.0,881.0,1070.0,941.0,920.0,535.0,903.0,828.0,966.0,602.0,751.0,846.0,1095.0,394.0,1037.0,991.0,295.0,858.0,601.0,621.0,1016.0,258.0,803.0,379.0,644.0,641.0,395.0,545.0,148.0,399.0,108.0,270.0,244.0,338.0,217.0,208.0,116.0,97.0,79.0,46.0,33.0,22.0,19.0,13.0,14.0,13.0,14.0,14.0,11.0,19.0,23.0,17.0,15.0,18.0,5.0,13.0,23.0,15.0,10.0,9.0,12.0,14.0,12.0,8.0,15.0,28.0,3.0,6.0,21.0,6.0,14.0,12.0,14.0,16.0,19.0,7.0,10.0,22.0,13.0,14.0,4.0,8.0,9.0,12.0,12.0,13.0,13.0,13.0,12.0,39.0,18.0,16.0,12.0,15.0,5.0,14.0,8.0,15.0,21.0,17.0,13.0,25.0,13.0,8.0,22.0,18.0,32.0,17.0,6.0,16.0,4.0,16.0
16.0,16.0,27.0,35.0,15.0,12.0,6.0,17.0,11.0,11.0,15.0,8.0,9.0,33.0,19.0,20.0,25.0,8.0,11.0,12.0,14.0,11.0,23.0,17.0,9.0,23.0,12.0,5.0,24.0,15.0,20.0,17.0,22.0,14.0,11.0,13.0,17.0,7.0,15.0,9.0,27.0,27.0,10.0,8.0,11.0,9.0,8.0,18.0,21.0,313.0,403.0,774.0,934.0,1529.0,1488.0,1029.0,587.0,1204.0,759.0,895.0,756.0,900.0,459.0,939.0,835.0,894.0,768.0,982.0,1316.0,1420.0,1446.0,1403.0,1385.0,1323.0,1161.0,958.0,1021.0,1300.0,1183.0,988.0,804.0,1187.0,1061.0,1236.0,1229.0,1064.0,991.0,1100.0,1002.0,1156.0,1211.0,1125.0,1035.0,978.0,1131.0,1095.0,1142.0,1204.0,968.0,954.0,1162.0,690.0,1080.0,397.0,946.0,918.0,1025.0,494.0,997.0,846.0,1303.0,520.0,1057.0,1054.0,278.0,795.0,368.0,842.0,847.0,194.0,653.0,236.0,563.0,414.0,404.0,379.0,297.0,129.0,115.0,104.0,32.0,83.0,44.0,43.0,24.0,28.0,10.0,18.0,11.0,19.0,17.0,34.0,21.0,44.0,60.0,29.0,64.0,90.0,23.0,72.0,25.0,26.0,30.0,13.0,26.0,31.0,21.0,12.0,17.0,32.0,8.0,34.0,35.0,10.0,23.0,14.0,19.0,15.0,16.0,16.0,11.0,24.0,31.0,25.0,20.0,15.0,11.0,15.0,15.0,11.0,8.0,11.0,26.0,11.0,17.0,15.0,13.0,14.0,8.0,13.0,12.0,18.0,19.0,19.0,12.0,6.0,21.0,9.0,9.0,10.0
34.0,9.0,21.0,14.0,18.0,39.0,43.0,9.0,9.0,17.0,26.0,10.0,28.0,19.0,20.0,18.0,30.0,28.0,6.0,14.0,20.0,12.0,32.0,7.0,11.0,11.0,26.0,27.0,7.0,28.0,22.0,22.0,16.0,4.0,22.0,32.0,17.0,15.0,10.0,14.0,25.0,33.0,13.0,7.0,6.0,203.0,759.0,701.0,27.0,1305.0,1198.0,1028.0,10.0,386.0,1190.0,596.0,781.0,757.0,512.0,1074.0,1006.0,1038.0,722.0,1287.0,1376.0,1456.0,763.0,1314.0,1317.0,1316.0,399.0,1222.0,1353.0,1198.0,604.0,1243.0,1296.0,1349.0,1015.0,965.0,1118.0,1484.0,1117.0,826.0,1074.0,1130.0,1124.0,1041.0,718.0,976.0,1047.0,1237.0,861.0,697.0,951.0,944.0,1048.0,896.0,761.0,818.0,814.0,1006.0,680.0,603.0,821.0,901.0,597.0,869.0,843.0,962.0,411.0,726.0,379.0,701.0,925.0,276.0,858.0,287.0,667.0,624.0,399.0,576.0,208.0,276.0,144.0,81.0,40.0,56.0,39.0,19.0,21.0,26.0,37.0,41.0,16.0,30.0,47.0,21.0,19.0,19.0,16.0,6.0,20.0,32.0,29.0,7.0,7.0,12.0,18.0,16.0,47.0,16.0,48.0,27.0,12.0,17.0,43.0,22.0,50.0,43.0,13.0,8.0,18.0,12.0,37.0,3.0,12.0,24.0,25.0,36.0,11.0,67.0,41.0,49.0,54.0,16.0,47.0,111.0,52.0,14.0,13.0,20.0,24.0,59.0,70.0,53.0,24.0,24.0,76.0,72.0,49.0,10.0,15.0,46.0,60.0,79.0,69.0,69.0,56.0,83.0
25.0,17.0,18.0,11.0,12.0,12.0,16.0,18.0,11.0,16.0,11.0,18.0,13.0,17.0,17.0,6.0,17.0,20.0,17.0,17.0,18.0,7.0,26.0,14.0,13.0,14.0,13.0,13.0,9.0,12.0,11.0,4.0,14.0,11.0,16.0,11.0,13.0,16.0,10.0,12.0,14.0,10.0,13.0,19.0,12.0,10.0,11.0,17.0,689.0,211.0,667.0,1662.0,1727.0,83.0,288.0,380.0,61.0,8.0,11.0,86.0,251.0,430.0,656.0,443.0,932.0,905.0,905.0,1098.0,1386.0,1304.0,1026.0,1112.0,1245.0,1264.0,1233.0,861.0,1195.0,1244.0,1278.0,892.0,1140.0,1182.0,1228.0,1172.0,772.0,1121.0,981.0,1148.0,1211.0,942.0,613.0,983.0,956.0,1162.0,970.0,807.0,763.0,946.0,986.0,1065.0,622.0,544.0,861.0,839.0,900.0,363.0,813.0,985.0,793.0,773.0,907.0,519.0,724.0,801.0,326.0,794.0,316.0,672.0,525.0,342.0,552.0,119.0,241.0,143.0,244.0,211.0,216.0,79.0,22.0,33.0,36.0,16.0,13.0,11.0,18.0,9.0,29.0,12.0,11.0,19.0,9.0,25.0,24.0,13.0,12.0,10.0,19.0,10.0,16.0,16.0,14.0,12.0,9.0,10.0,28.0,29.0,9.0,15.0,14.0,9.0,22.0,12.0,8.0,13.0,15.0,14.0,13.0,15.0,6.0,13.0,5.0,12.0,12.0,12.0,16.0,19.0,10.0,8.0,14.0,12.0,17.0,16.0,19.0,9.0,7.0,28.0,9.0,22.0,18.0,5.0,9.0,20.0,18.0,15.0,25.0,23.0,19.0,16.0,26.0,12.0
6.0,11.0,16.0,12.0,6.0,12.0,10.0,14.0,10.0,9.0,8.0,13.0,14.0,4.0,8.0,13.0,10.0,24.0,15.0,16.0,17.0,11.0,7.0,16.0,10.0,14.0,17.0,13.0,15.0,20.0,14.0,13.0,21.0,13.0,13.0,17.0,18.0,19.0,507.0,934.0,770.0,926.0,1597.0,1496.0,907.0,1712.0,805.0,792.0,525.0,1150.0,925.0,1095.0,719.0,1093.0,1103.0,1351.0,1340.0,968.0,1565.0,1250.0,1420.0,1289.0,804.0,1239.0,1150.0,1291.0,1249.0,1011.0,798.0,1144.0,1126.0,1153.0,1117.0,1061.0,831.0,1409.0,1062.0,1160.0,1112.0,1149.0,1045.0,930.0,1066.0,1149.0,1024.0,1093.0,826.0,1074.0,933.0,1141.0,1115.0,894.0,694.0,861.0,953.0,916.0,332.0,866.0,883.0,700.0,795.0,832.0,1150.0,409.0,852.0,471.0,770.0,861.0,195.0,708.0,286.0,588.0,589.0,456.0,449.0,274.0,210.0,175.0,117.0,90.0,84.0,58.0,49.0,18.0,26.0,20.0,14.0,15.0,22.0,7.0,15.0,15.0,15.0,13.0,22.0,17.0,21.0,21.0,8.0,24.0,5.0,17.0,23.0,14.0,24.0,11.0,11.0,13.0,13.0,13.0,14.0,20.0,19.0,11.0,14.0,16.0,24.0,13.0,5.0,14.0,15.0,19.0,12.0,8.0,15.0,10.0,20.0,11.0,7.0,10.0,8.0,12.0,13.0,13.0,9.0,15.0,7.0,20.0,13.0,8.0,15.0,15.0,7.0,8.0,8.0,9.0,12.0,13.0,10.0,14.0,14.0,12.0,9.0,5.0,17.0,15.0,12.0,10.0,12.0,12.0
10.0,7.0,15.0,11.0,11.0,17.0,11.0,15.0,4.0,11.0,15.0,8.0,18.0,15.0,5.0,14.0,15.0,11.0,21.0,13.0,10.0,14.0,10.0,6.0,14.0,9.0,11.0,16.0,8.0,13.0,20.0,17.0,8.0,15.0,9.0,11.0,11.0,20.0,16.0,16.0,17.0,31.0,19.0,11.0,6.0,12.0,17.0,10.0,33.0,11.0,7.0,627.0,496.0,1061.0,1366.0,1190.0,1275.0,1490.0,782.0,567.0,184.0,543.0,1370.0,973.0,808.0,1113.0,963.0,1132.0,685.0,1081.0,1082.0,500.0,1390.0,1198.0,1442.0,1056.0,1315.0,1305.0,1291.0,533.0,1245.0,1314.0,1369.0,826.0,1267.0,1052.0,1298.0,1261.0,970.0,1192.0,1022.0,1119.0,1099.0,852.0,1110.0,834.0,1192.0,915.0,737.0,958.0,995.0,953.0,1081.0,883.0,591.0,979.0,907.0,1038.0,896.0,597.0,868.0,944.0,633.0,566.0,745.0,801.0,464.0,896.0,615.0,555.0,651.0,650.0,176.0,618.0,546.0,456.0,385.0,170.0,329.0,267.0,269.0,170.0,110.0,80.0,64.0,19.0,39.0,20.0,8.0,19.0,15.0,10.0,22.0,10.0,20.0,11.0,11.0,19.0,15.0,31.0,23.0,12.0,20.0,17.0,9.0,21.0,8.0,16.0,18.0,11.0,14.0,15.0,22.0,12.0,12.0,4.0,10.0,11.0,9.0,6.0,17.0,21.0,14.0,12.0,11.0,17.0,12.0,17.0,13.0,21.0,8.0,10.0,11.0,6.0,14.0,15.0,13.0,15.0,13.0,7.0,14.0,11.0,5.0,9.0,18.0,11.0,13.0,11.0,23.0,12.0
9.0,3.0,12.0,15.0,10.0,11.0,15.0,16.0,24.0,16.0,6.0,12.0,17.0,14.0,8.0,7.0,13.0,7.0,20.0,18.0,16.0,18.0,6.0,4.0,13.0,14.0,15.0,8.0,16.0,20.0,17.0,14.0,11.0,23.0,13.0,13.0,21.0,16.0,11.0,13.0,27.0,8.0,5.0,15.0,12.0,17.0,11.0,14.0,11.0,25.0,16.0,10.0,17.0,15.0,618.0,262.0,1120.0,1344.0,1332.0,1214.0,1686.0,959.0,1207.0,1025.0,1248.0,590.0,928.0,753.0,605.0,1052.0,982.0,1030.0,802.0,1325.0,1522.0,1250.0,1297.0,1281.0,1501.0,1180.0,1020.0,1220.0,1603.0,1225.0,781.0,1216.0,1352.0,1365.0,1163.0,1179.0,1059.0,1169.0,1082.0,1161.0,875.0,940.0,996.0,1042.0,943.0,1053.0,794.0,1054.0,880.0,1222.0,856.0,745.0,909.0,877.0,953.0,853.0,753.0,769.0,822.0,753.0,829.0,447.0,685.0,804.0,573.0,876.0,727.0,1018.0,469.0,777.0,276.0,639.0,829.0,181.0,559.0,148.0,409.0,368.0,461.0,248.0,122.0,98.0,87.0,81.0,56.0,30.0,11.0,12.0,24.0,19.0,20.0,19.0,14.0,13.0,14.0,15.0,12.0,14.0,12.0,14.0,15.0,13.0,9.0,25.0,20.0,17.0,5.0,14.0,10.0,8.0,17.0,13.0,9.0,13.0,10.0,15.0,16.0,12.0,19.0,12.0,5.0,6.0,16.0,8.0,8.0,8.0,11.0,14.0,16.0,12.0,8.0,20.0,19.0,18.0,9.0,12.0,21.0,13.0,8.0,12.0,15.0,14.0,14.0,9.0,12.0,5.0
21.0,19.0,38.0,13.0,15.0,15.0,21.0,19.0,28.0,22.0,21.0,20.0,10.0,15.0,21.0,19.0,19.0,13.0,20.0,27.0,28.0,18.0,33.0,37.0,28.0,19.0,34.0,15.0,31.0,22.0,23.0,31.0,20.0,24.0,25.0,16.0,22.0,14.0,19.0,16.0,15.0,34.0,34.0,24.0,30.0,19.0,14.0,11.0,10.0,15.0,10.0,7.0,11.0,19.0,23.0,19.0,715.0,552.0,0.0,0.0,1889.0,3.0,4.0,1196.0,13.0,8.0,9.0,0.0,458.0,597.0,687.0,716.0,1059.0,1074.0,438.0,1301.0,1332.0,1463.0,788.0,1392.0,1412.0,1378.0,1082.0,1215.0,1239.0,1549.0,1276.0,646.0,1217.0,1203.0,1255.0,1183.0,841.0,1139.0,1095.0,1104.0,1233.0,867.0,792.0,901.0,1180.0,980.0,947.0,874.0,1049.0,931.0,1189.0,900.0,843.0,1084.0,861.0,930.0,876.0,710.0,734.0,411.0,820.0,663.0,412.0,584.0,722.0,768.0,427.0,698.0,804.0,717.0,755.0,903.0,543.0,621.0,571.0,111.0,577.0,426.0,493.0,181.0,88.0,151.0,113.0,130.0,92.0,98.0,95.0,65.0,21.0,25.0,14.0,29.0,28.0,19.0,27.0,12.0,12.0,13.0,13.0,26.0,22.0,16.0,10.0,20.0,12.0,16.0,14.0,8.0,15.0,10.0,15.0,12.0,10.0,5.0,10.0,14.0,14.0,16.0,15.0,16.0,16.0,23.0,13.0,13.0,16.0,6.0,13.0,15.0,14.0,10.0,7.0,10.0,12.0,13.0,8.0,20.0,24.0,9.0,19.0,14.0,7.0,11.0,17.0,21.0
15.0,14.0,9.0,18.0,10.0,19.0,14.0,36.0,14.0,30.0,11.0,18.0,12.0,11.0,41.0,9.0,3.0,31.0,17.0,12.0,15.0,18.0,16.0,7.0,11.0,31.0,11.0,27.0,27.0,10.0,18.0,21.0,12.0,14.0,7.0,15.0,15.0,13.0,31.0,33.0,19.0,17.0,29.0,16.0,9.0,20.0,29.0,8.0,22.0,25.0,6.0,16.0,15.0,23.0,17.0,11.0,12.0,16.0,7.0,14.0,9.0,22.0,13.0,785.0,465.0,767.0,1360.0,1026.0,1423.0,1411.0,324.0,769.0,664.0,1194.0,1028.0,1103.0,835.0,1201.0,1152.0,588.0,1214.0,1129.0,1435.0,978.0,1281.0,1118.0,1292.0,736.0,1125.0,1156.0,1445.0,1001.0,1217.0,1029.0,1560.0,1191.0,1042.0,1113.0,1064.0,1413.0,1027.0,924.0,878.0,947.0,1019.0,975.0,767.0,951.0,910.0,1051.0,1023.0,949.0,720.0,924.0,892.0,959.0,966.0,564.0,761.0,803.0,900.0,663.0,501.0,694.0,917.0,709.0,712.0,800.0,1203.0,480.0,926.0,843.0,234.0,782.0,348.0,761.0,520.0,412.0,505.0,351.0,190.0,160.0,64.0,94.0,113.0,43.0,34.0,28.0,32.0,11.0,18.0,25.0,26.0,11.0,10.0,12.0,15.0,18.0,14.0,12.0,19.0,9.0,10.0,18.0,22.0,17.0,16.0,16.0,16.0,14.0,18.0,37.0,14.0,19.0,23.0,27.0,9.0,21.0,34.0,15.0,38.0,11.0,22.0,28.0,17.0,22.0,20.0,23.0,15.0,24.0,18.0,23.0,17.0,18.0,14.0,12.0,17.0,6.0,13.0,19.0
12.0,14.0,17.0,13.0,15.0,18.0,14.0,14.0,15.0,11.0,19.0,20.0,14.0,15.0,12.0,9.0,18.0,18.0,18.0,11.0,17.0,10.0,10.0,9.0,11.0,15.0,15.0,15.0,20.0,9.0,13.0,15.0,8.0,23.0,22.0,11.0,18.0,11.0,15.0,13.0,11.0,11.0,28.0,542.0,414.0,274.0,1687.0,1526.0,1655.0,92.0,891.0,1567.0,1532.0,777.0,1343.0,925.0,681.0,1100.0,1026.0,1129.0,600.0,1054.0,1105.0,875.0,1308.0,1387.0,1393.0,1264.0,1304.0,1215.0,1596.0,1240.0,715.0,1178.0,1165.0,1283.0,1240.0,1067.0,1007.0,1037.0,1250.0,1121.0,915.0,832.0,967.0,932.0,1059.0,1062.0,1084.0,844.0,766.0,1067.0,956.0,1073.0,929.0,934.0,774.0,1084.0,873.0,635.0,760.0,551.0,793.0,837.0,833.0,436.0,800.0,1038.0,560.0,1066.0,918.0,212.0,698.0,622.0,489.0,814.0,205.0,534.0,343.0,514.0,471.0,362.0,360.0,227.0,150.0,152.0,113.0,83.0,84.0,37.0,29.0,23.0,12.0,17.0,43.0,12.0,30.0,16.0,20.0,11.0,19.0,6.0,20.0,14.0,18.0,15.0,37.0,13.0,9.0,11.0,14.0,11.0,14.0,12.0,15.0,12.0,16.0,12.0,25.0,11.0,19.0,5.0,14.0,4.0,12.0,14.0,6.0,29.0,18.0,6.0,9.0,20.0,17.0,9.0,21.0,10.0,12.0,10.0,10.0,11.0,13.0,21.0,24.0,11.0,16.0,13.0,15.0,17.0,14.0,14.0,14.0,23.0,14.0,12.0,16.0,11.0,9.0,8.0,23.0,12.0
17.0,20.0,19.0,16.0,40.0,25.0,23.0,23.0,15.0,26.0,15.0,27.0,29.0,23.0,4.0,10.0,10.0,19.0,6.0,26.0,9.0,15.0,13.0,13.0,15.0,14.0,7.0,14.0,7.0,16.0,14.0,16.0,12.0,17.0,18.0,11.0,27.0,12.0,27.0,33.0,7.0,25.0,6.0,6.0,31.0,9.0,18.0,19.0,29.0,25.0,9.0,17.0,15.0,495.0,23.0,1085.0,1821.0,1689.0,1368.0,922.0,268.0,180.0,13.0,430.0,421.0,573.0,1015.0,878.0,990.0,728.0,1155.0,1201.0,451.0,1391.0,1427.0,1314.0,1155.0,1112.0,1227.0,1574.0,1291.0,538.0,1190.0,1284.0,1180.0,1074.0,1196.0,1113.0,1270.0,1178.0,785.0,1065.0,1115.0,1174.0,1104.0,702.0,990.0,932.0,1281.0,986.0,744.0,763.0,930.0,872.0,974.0,863.0,708.0,1040.0,497.0,906.0,684.0,487.0,742.0,897.0,879.0,547.0,1116.0,1214.0,598.0,1041.0,985.0,208.0,752.0,652.0,529.0,835.0,204.0,479.0,323.0,480.0,376.0,235.0,116.0,134.0,108.0,61.0,36.0,27.0,36.0,21.0,21.0,16.0,20.0,24.0,25.0,15.0,30.0,16.0,15.0,28.0,29.0,14.0,28.0,18.0,9.0,16.0,26.0,10.0,29.0,13.0,15.0,20.0,7.0,20.0,14.0,12.0,14.0,17.0,15.0,19.0,12.0,19.0,11.0,15.0,21.0,18.0,12.0,6.0,16.0,10.0,14.0,10.0,7.0,17.0,15.0,16.0,15.0,13.0,18.0,19.0,8.0,20.0,31.0,19.0,10.0,5.0,10.0,15.0,14.0,8.0
28.0,16.0,11.0,11.0,9.0,25.0,13.0,17.0,13.0,21.0,23.0,23.0,18.0,28.0,9.0,17.0,15.0,18.0,17.0,19.0,31.0,11.0,10.0,26.0,10.0,7.0,21.0,17.0,17.0,23.0,16.0,17.0,22.0,16.0,8.0,14.0,10.0,32.0,25.0,17.0,27.0,37.0,12.0,24.0,20.0,10.0,22.0,15.0,12.0,23.0,17.0,10.0,36.0,35.0,23.0,11.0,21.0,18.0,15.0,10.0,21.0,663.0,484.0,304.0,1415.0,1705.0,445.0,1465.0,87.0,149.0,506.0,578.0,731.0,807.0,1109.0,1067.0,1315.0,668.0,1323.0,1117.0,1084.0,892.0,1259.0,1425.0,1289.0,971.0,1286.0,1315.0,1326.0,1085.0,1077.0,1030.0,1426.0,1182.0,805.0,1119.0,1144.0,1290.0,1171.0,730.0,974.0,1022.0,1183.0,1077.0,873.0,964.0,1051.0,1162.0,1104.0,746.0,993.0,1072.0,989.0,1099.0,718.0,581.0,1075.0,888.0,658.0,888.0,1019.0,776.0,902.0,964.0,1225.0,486.0,1065.0,1003.0,306.0,729.0,497.0,765.0,696.0,278.0,424.0,218.0,275.0,214.0,218.0,218.0,165.0,101.0,107.0,53.0,53.0,21.0,50.0,27.0,35.0,15.0,9.0,54.0,16.0,18.0,21.0,19.0,23.0,8.0,16.0,31.0,18.0,8.0,12.0,11.0,9.0,22.0,17.0,9.0,23.0,18.0,15.0,15.0,15.0,22.0,18.0,17.0,20.0,7.0,34.0,30.0,18.0,18.0,11.0,34.0,13.0,16.0,25.0,16.0,27.0,20.0,14.0,21.0,53.0,42.0,23.0,28.0,12.0,29.0,17.0,45.0
45.0,30.0,16.0,6.0,15.0,16.0,27.0,27.0,21.0,12.0,16.0,10.0,9.0,16.0,11.0,14.0,24.0,14.0,14.0,21.0,13.0,15.0,35.0,32.0,9.0,34.0,37.0,6.0,21.0,20.0,21.0,11.0,6.0,30.0,15.0,25.0,39.0,16.0,16.0,37.0,14.0,14.0,30.0,18.0,15.0,36.0,16.0,20.0,12.0,582.0,128.0,157.0,882.0,0.0,843.0,1292.0,1647.0,1059.0,1239.0,1306.0,915.0,1239.0,1106.0,1006.0,1101.0,1053.0,1222.0,556.0,1536.0,1245.0,1455.0,944.0,1235.0,1305.0,1467.0,1466.0,877.0,1232.0,1414.0,1344.0,1212.0,817.0,1272.0,1047.0,1436.0,1201.0,656.0,1040.0,1017.0,1095.0,1077.0,1063.0,774.0,1010.0,1096.0,1079.0,1275.0,1022.0,867.0,866.0,957.0,968.0,1102.0,1085.0,501.0,820.0,913.0,930.0,549.0,828.0,820.0,1010.0,556.0,1070.0,950.0,772.0,870.0,819.0,194.0,620.0,785.0,436.0,634.0,198.0,421.0,304.0,513.0,381.0,226.0,128.0,121.0,85.0,55.0,47.0,31.0,52.0,22.0,12.0,22.0,21.0,20.0,16.0,13.0,40.0,34.0,26.0,40.0,36.0,16.0,12.0,16.0,18.0,8.0,33.0,37.0,23.0,18.0,15.0,7.0,18.0,12.0,42.0,24.0,3.0,35.0,17.0,11.0,4.0,34.0,28.0,17.0,28.0,14.0,12.0,13.0,16.0,34.0,25.0,9.0,26.0,4.0,12.0,17.0,39.0,30.0,27.0,34.0,49.0,16.0,22.0,21.0,2.0,22.0,24.0,12.0,23.0,14.0,34.0,24.0,21.0
10.0,11.0,14.0,20.0,15.0,20.0,6.0,7.0,17.0,19.0,42.0,28.0,25.0,23.0,15.0,27.0,32.0,30.0,12.0,15.0,41.0,17.0,13.0,27.0,14.0,7.0,8.0,25.0,19.0,14.0,22.0,18.0,18.0,11.0,19.0,14.0,13.0,31.0,17.0,17.0,16.0,12.0,25.0,9.0,7.0,36.0,30.0,30.0,16.0,5.0,13.0,19.0,15.0,24.0,467.0,568.0,495.0,1643.0,1248.0,623.0,200.0,995.0,341.0,1362.0,1512.0,681.0,669.0,703.0,560.0,1151.0,1081.0,1136.0,645.0,1317.0,1544.0,1442.0,733.0,1468.0,1211.0,1373.0,1251.0,1112.0,1101.0,1339.0,1263.0,796.0,1041.0,1069.0,1399.0,1194.0,1001.0,733.0,1026.0,1104.0,1204.0,1138.0,1080.0,888.0,780.0,1091.0,1093.0,1225.0,1000.0,994.0,663.0,1006.0,910.0,1036.0,965.0,828.0,468.0,859.0,814.0,835.0,387.0,804.0,772.0,920.0,443.0,945.0,877.0,797.0,641.0,759.0,181.0,695.0,828.0,251.0,706.0,180.0,493.0,500.0,435.0,319.0,203.0,212.0,190.0,167.0,71.0,71.0,28.0,41.0,15.0,16.0,15.0,21.0,34.0,27.0,17.0,20.0,14.0,14.0,24.0,30.0,22.0,25.0,17.0,18.0,21.0,18.0,11.0,17.0,17.0,11.0,15.0,15.0,15.0,20.0,11.0,11.0,9.0,24.0,7.0,16.0,12.0,16.0,14.0,14.0,23.0,31.0,13.0,14.0,6.0,19.0,10.0,9.0,14.0,8.0,22.0,16.0,15.0,40.0,14.0,11.0,5.0,18.0,15.0,28.0,36.0,18.0
9.0,7.0,32.0,14.0,14.0,9.0,11.0,14.0,23.0,8.0,11.0,15.0,17.0,8.0,36.0,38.0,7.0,11.0,38.0,17.0,8.0,14.0,13.0,9.0,25.0,35.0,8.0,8.0,31.0,17.0,18.0,26.0,16.0,8.0,8.0,17.0,16.0,12.0,14.0,11.0,16.0,14.0,28.0,27.0,328.0,371.0,712.0,820.0,1628.0,881.0,1180.0,1481.0,1263.0,832.0,1071.0,852.0,868.0,979.0,631.0,1154.0,1018.0,1037.0,779.0,1217.0,1592.0,1390.0,759.0,1478.0,1241.0,1267.0,1290.0,1193.0,1297.0,1497.0,1357.0,1191.0,1285.0,1037.0,1578.0,1196.0,1008.0,641.0,1067.0,983.0,1105.0,1133.0,1031.0,864.0,1155.0,1164.0,1118.0,1276.0,1082.0,896.0,878.0,1018.0,821.0,1097.0,1017.0,938.0,692.0,610.0,930.0,942.0,311.0,927.0,817.0,924.0,488.0,875.0,1027.0,381.0,934.0,551.0,514.0,926.0,286.0,706.0,310.0,503.0,468.0,414.0,428.0,238.0,213.0,174.0,230.0,172.0,150.0,124.0,62.0,13.0,42.0,20.0,26.0,11.0,21.0,14.0,32.0,28.0,17.0,19.0,25.0,9.0,25.0,11.0,33.0,36.0,21.0,20.0,14.0,19.0,19.0,17.0,9.0,11.0,14.0,10.0,16.0,15.0,21.0,17.0,19.0,12.0,21.0,16.0,13.0,25.0,26.0,21.0,11.0,24.0,22.0,9.0,31.0,19.0,14.0,16.0,14.0,22.0,19.0,20.0,19.0,14.0,27.0,14.0,23.0,32.0,40.0,27.0,14.0,24.0,30.0,8.0,19.0,23.0,10.0,14.0,22.0,16.0
13.0,16.0,42.0,25.0,20.0,12.0,29.0,10.0,19.0,24.0,30.0,20.0,11.0,17.0,52.0,10.0,13.0,11.0,14.0,19.0,12.0,20.0,55.0,15.0,23.0,31.0,14.0,9.0,18.0,10.0,36.0,14.0,21.0,26.0,42.0,16.0,56.0,16.0,15.0,15.0,12.0,26.0,46.0,18.0,41.0,58.0,16.0,32.0,43.0,20.0,36.0,34.0,601.0,267.0,331.0,1619.0,158.0,1661.0,352.0,9.0,13.0,15.0,62.0,186.0,618.0,743.0,837.0,425.0,1250.0,1194.0,1461.0,757.0,1481.0,1393.0,1301.0,848.0,1213.0,1268.0,1312.0,1185.0,894.0,1236.0,1326.0,1231.0,1146.0,900.0,1215.0,1113.0,1187.0,1044.0,1114.0,1122.0,1211.0,1099.0,1365.0,1114.0,1000.0,858.0,1114.0,1042.0,1168.0,993.0,1168.0,782.0,1230.0,930.0,1122.0,867.0,544.0,920.0,786.0,971.0,834.0,472.0,815.0,958.0,537.0,1070.0,1005.0,601.0,818.0,779.0,251.0,790.0,540.0,679.0,642.0,242.0,499.0,189.0,381.0,378.0,313.0,216.0,179.0,83.0,49.0,69.0,32.0,20.0,50.0,22.0,51.0,26.0,44.0,40.0,15.0,11.0,32.0,22.0,23.0,18.0,17.0,15.0,12.0,23.0,10.0,18.0,17.0,17.0,13.0,16.0,24.0,13.0,18.0,18.0,11.0,21.0,21.0,10.0,12.0,49.0,16.0,48.0,55.0,38.0,28.0,56.0,17.0,19.0,14.0,15.0,11.0,34.0,47.0,13.0,14.0,32.0,43.0,6.0,7.0,27.0,5.0,16.0,27.0,18.0,41.0,7.0,40.0,14.0
13.0,10.0,18.0,32.0,13.0,16.0,14.0,14.0,8.0,20.0,17.0,12.0,15.0,10.0,22.0,31.0,17.0,6.0,20.0,31.0,15.0,15.0,2.0,9.0,7.0,24.0,15.0,13.0,5.0,20.0,16.0,12.0,15.0,23.0,17.0,15.0,14.0,20.0,15.0,18.0,29.0,16.0,490.0,376.0,701.0,833.0,1295.0,1308.0,466.0,1230.0,274.0,29.0,651.0,899.0,765.0,652.0,1062.0,1075.0,1275.0,855.0,1314.0,1464.0,1165.0,884.0,1300.0,1603.0,1112.0,989.0,1311.0,1354.0,1168.0,1226.0,1141.0,1269.0,1224.0,1043.0,887.0,1187.0,1160.0,1267.0,1118.0,1051.0,1044.0,1026.0,1150.0,949.0,654.0,1093.0,867.0,1053.0,937.0,897.0,855.0,1073.0,983.0,1182.0,1052.0,415.0,1011.0,840.0,942.0,800.0,479.0,819.0,969.0,672.0,767.0,856.0,1226.0,327.0,1013.0,815.0,429.0,829.0,297.0,837.0,737.0,323.0,605.0,207.0,467.0,281.0,386.0,273.0,204.0,94.0,49.0,52.0,20.0,46.0,22.0,23.0,26.0,23.0,16.0,29.0,16.0,44.0,27.0,19.0,27.0,12.0,14.0,26.0,8.0,13.0,12.0,29.0,12.0,12.0,13.0,11.0,13.0,31.0,20.0,11.0,17.0,16.0,17.0,13.0,10.0,11.0,15.0,5.0,23.0,20.0,16.0,9.0,9.0,6.0,12.0,13.0,18.0,23.0,11.0,9.0,13.0,11.0,9.0,13.0,23.0,35.0,15.0,8.0,28.0,14.0,13.0,16.0,16.0,16.0,26.0,24.0,10.0,15.0,17.0,28.0,14.0,8.0,16.0,30.0
11.0,7.0,19.0,11.0,9.0,11.0,16.0,8.0,9.0,11.0,25.0,15.0,25.0,4.0,23.0,24.0,14.0,14.0,20.0,16.0,15.0,20.0,7.0,15.0,11.0,6.0,12.0,23.0,9.0,18.0,17.0,24.0,26.0,16.0,17.0,8.0,47.0,31.0,21.0,29.0,38.0,22.0,26.0,17.0,11.0,29.0,30.0,17.0,10.0,21.0,19.0,11.0,19.0,14.0,19.0,810.0,119.0,0.0,1885.0,1.0,733.0,1387.0,717.0,1659.0,1486.0,495.0,375.0,614.0,625.0,1009.0,982.0,1367.0,765.0,1380.0,1343.0,1606.0,1618.0,1104.0,1338.0,1328.0,1096.0,1309.0,605.0,1184.0,1292.0,1427.0,1144.0,651.0,1237.0,1027.0,1124.0,1040.0,957.0,953.0,1152.0,1094.0,1156.0,1262.0,970.0,1028.0,1087.0,1089.0,1261.0,1031.0,772.0,1023.0,957.0,1075.0,967.0,681.0,626.0,855.0,951.0,460.0,914.0,794.0,867.0,622.0,912.0,991.0,279.0,784.0,367.0,815.0,980.0,251.0,692.0,303.0,583.0,467.0,477.0,471.0,365.0,184.0,180.0,58.0,19.0,41.0,22.0,26.0,37.0,19.0,10.0,13.0,17.0,18.0,10.0,35.0,12.0,29.0,20.0,14.0,11.0,10.0,12.0,10.0,26.0,19.0,9.0,6.0,32.0,16.0,31.0,28.0,16.0,28.0,10.0,16.0,13.0,18.0,20.0,17.0,27.0,12.0,15.0,19.0,30.0,18.0,18.0,13.0,21.0,27.0,11.0,20.0,18.0,4.0,11.0,14.0,12.0,15.0,17.0,15.0,18.0,13.0,14.0,6.0,10.0,8.0,17.0,13.0
5.0,3.0,13.0,10.0,21.0,18.0,13.0,29.0,9.0,19.0,26.0,8.0,34.0,16.0,15.0,23.0,10.0,21.0,6.0,19.0,10.0,20.0,13.0,7.0,14.0,16.0,9.0,6.0,17.0,4.0,15.0,11.0,14.0,16.0,8.0,21.0,18.0,17.0,17.0,10.0,8.0,6.0,11.0,3.0,14.0,14.0,11.0,9.0,11.0,14.0,19.0,12.0,15.0,9.0,6.0,7.0,27.0,11.0,19.0,9.0,11.0,10.0,6.0,10.0,756.0,281.0,1001.0,1264.0,1608.0,1638.0,671.0,1049.0,969.0,1052.0,1106.0,514.0,751.0,616.0,540.0,755.0,954.0,1119.0,468.0,1251.0,1484.0,1389.0,843.0,1284.0,1408.0,1175.0,957.0,1275.0,1245.0,1295.0,1264.0,1127.0,1055.0,1280.0,1357.0,1089.0,1106.0,1020.0,1110.0,1183.0,1072.0,776.0,1016.0,963.0,1152.0,1001.0,922.0,680.0,1179.0,843.0,1174.0,965.0,749.0,1035.0,863.0,1089.0,979.0,468.0,668.0,1005.0,1001.0,434.0,977.0,966.0,590.0,1125.0,901.0,736.0,752.0,793.0,252.0,735.0,687.0,526.0,416.0,119.0,291.0,313.0,277.0,137.0,143.0,77.0,44.0,18.0,26.0,16.0,16.0,36.0,26.0,10.0,28.0,24.0,22.0,22.0,9.0,18.0,12.0,10.0,13.0,16.0,15.0,18.0,16.0,20.0,12.0,18.0,15.0,17.0,28.0,11.0,28.0,19.0,14.0,27.0,6.0,26.0,16.0,16.0,24.0,20.0,29.0,20.0,9.0,13.0,20.0,7.0,16.0,8.0,22.0,22.0,9.0,29.0,25.0,12.0,40.0,16.0
15.0,16.0,31.0,7.0,34.0,16.0,10.0,20.0,21.0,5.0,12.0,8.0,13.0,8.0,7.0,16.0,16.0,17.0,21.0,17.0,7.0,10.0,9.0,11.0,13.0,15.0,11.0,16.0,11.0,20.0,15.0,15.0,13.0,7.0,22.0,33.0,21.0,9.0,6.0,13.0,19.0,10.0,17.0,18.0,36.0,16.0,37.0,14.0,27.0,8.0,23.0,19.0,19.0,20.0,13.0,15.0,15.0,24.0,10.0,15.0,18.0,12.0,11.0,12.0,15.0,526.0,426.0,153.0,0.0,1611.0,5.0,345.0,338.0,873.0,759.0,409.0,283.0,520.0,580.0,523.0,1055.0,961.0,1060.0,718.0,1590.0,1409.0,1321.0,693.0,1358.0,1371.0,1358.0,1213.0,745.0,1205.0,1253.0,1163.0,954.0,1219.0,1048.0,1205.0,1120.0,915.0,758.0,1154.0,910.0,992.0,1072.0,1108.0,929.0,807.0,1118.0,1003.0,1102.0,1069.0,983.0,737.0,1115.0,720.0,894.0,931.0,386.0,897.0,868.0,972.0,464.0,920.0,1195.0,529.0,1115.0,779.0,212.0,639.0,542.0,713.0,570.0,142.0,347.0,269.0,301.0,244.0,153.0,70.0,101.0,69.0,14.0,19.0,35.0,14.0,18.0,17.0,24.0,12.0,16.0,16.0,13.0,14.0,14.0,14.0,23.0,9.0,8.0,11.0,11.0,9.0,17.0,12.0,22.0,21.0,17.0,32.0,11.0,28.0,9.0,10.0,21.0,8.0,21.0,14.0,9.0,12.0,9.0,8.0,14.0,6.0,15.0,8.0,15.0,21.0,10.0,6.0,10.0,10.0,9.0,9.0,13.0,12.0,8.0,11.0,18.0,13.0
13.0,15.0,15.0,10.0,9.0,7.0,13.0,14.0,23.0,11.0,27.0,13.0,14.0,14.0,15.0,11.0,17.0,17.0,22.0,5.0,17.0,12.0,9.0,7.0,9.0,14.0,6.0,14.0,25.0,14.0,10.0,15.0,29.0,21.0,10.0,12.0,33.0,9.0,11.0,20.0,14.0,12.0,15.0,6.0,18.0,15.0,17.0,8.0,19.0,14.0,11.0,15.0,24.0,10.0,29.0,570.0,546.0,880.0,383.0,914.0,401.0,1698.0,300.0,51.0,199.0,573.0,552.0,668.0,763.0,1042.0,1137.0,502.0,1175.0,1074.0,908.0,1106.0,1428.0,1428.0,1001.0,1117.0,1206.0,1348.0,1132.0,1217.0,1187.0,1366.0,1289.0,996.0,1124.0,1061.0,1237.0,1246.0,919.0,863.0,1020.0,951.0,1044.0,908.0,825.0,1018.0,926.0,1002.0,1085.0,1086.0,849.0,1022.0,953.0,757.0,881.0,537.0,926.0,956.0,892.0,605.0,931.0,1038.0,542.0,1196.0,860.0,244.0,744.0,696.0,524.0,664.0,229.0,559.0,396.0,417.0,253.0,174.0,184.0,65.0,71.0,44.0,30.0,21.0,20.0,15.0,25.0,22.0,18.0,17.0,14.0,15.0,14.0,6.0,8.0,17.0,9.0,6.0,12.0,8.0,13.0,19.0,30.0,6.0,16.0,16.0,7.0,16.0,9.0,9.0,10.0,7.0,7.0,10.0,13.0,26.0,17.0,25.0,20.0,10.0,13.0,20.0,15.0,16.0,33.0,13.0,24.0,20.0,8.0,14.0,13.0,5.0,10.0,22.0,17.0,22.0,15.0,17.0,13.0,14.0,8.0,10.0,21.0,13.0,22.0,7.0,10.0,13.0
15.0,9.0,20.0,11.0,13.0,19.0,26.0,23.0,9.0,17.0,14.0,9.0,10.0,22.0,22.0,12.0,23.0,29.0,19.0,14.0,15.0,15.0,16.0,15.0,17.0,14.0,13.0,14.0,18.0,7.0,12.0,6.0,14.0,11.0,29.0,7.0,18.0,13.0,22.0,10.0,16.0,10.0,24.0,24.0,15.0,19.0,14.0,8.0,26.0,15.0,7.0,17.0,11.0,17.0,607.0,443.0,719.0,0.0,79.0,1223.0,612.0,553.0,649.0,8.0,12.0,450.0,674.0,843.0,541.0,1173.0,1088.0,557.0,1257.0,1124.0,1246.0,901.0,1671.0,1337.0,1245.0,864.0,1365.0,1304.0,1446.0,1194.0,977.0,1206.0,1317.0,1321.0,909.0,1042.0,1101.0,1496.0,1160.0,1034.0,1054.0,1070.0,1137.0,986.0,944.0,922.0,939.0,1093.0,1147.0,1208.0,1065.0,902.0,774.0,1067.0,1026.0,1100.0,1087.0,756.0,1050.0,955.0,1047.0,383.0,975.0,810.0,837.0,690.0,842.0,1048.0,318.0,760.0,483.0,570.0,641.0,93.0,482.0,326.0,292.0,273.0,137.0,148.0,87.0,108.0,52.0,48.0,26.0,22.0,23.0,26.0,15.0,28.0,16.0,16.0,12.0,13.0,18.0,20.0,18.0,11.0,12.0,13.0,12.0,15.0,7.0,8.0,12.0,14.0,17.0,18.0,13.0,18.0,40.0,12.0,17.0,8.0,8.0,18.0,30.0,13.0,13.0,10.0,6.0,15.0,8.0,8.0,14.0,15.0,14.0,12.0,16.0,12.0,16.0,10.0,11.0,11.0,9.0,12.0,19.0,10.0,9.0,20.0,17.0,13.0,13.0,16.0,11.0,12.0
25.0,14.0,15.0,10.0,12.0,12.0,17.0,26.0,12.0,13.0,21.0,15.0,26.0,15.0,2.0,9.0,19.0,15.0,18.0,13.0,8.0,6.0,23.0,21.0,14.0,20.0,37.0,17.0,25.0,25.0,16.0,25.0,11.0,20.0,44.0,20.0,25.0,6.0,17.0,20.0,65.0,16.0,57.0,43.0,10.0,12.0,9.0,16.0,42.0,498.0,361.0,0.0,1894.0,0.0,1733.0,1307.0,500.0,9.0,13.0,28.0,115.0,585.0,806.0,839.0,876.0,998.0,640.0,1378.0,1268.0,1300.0,851.0,1390.0,1374.0,1162.0,877.0,1166.0,1525.0,1259.0,998.0,1290.0,1243.0,1170.0,1300.0,1062.0,1134.0,1365.0,1174.0,1215.0,785.0,1115.0,1131.0,1262.0,1018.0,648.0,1090.0,895.0,1044.0,913.0,674.0,1004.0,834.0,864.0,971.0,275.0,910.0,844.0,1011.0,521.0,982.0,886.0,1322.0,736.0,1252.0,1083.0,524.0,1045.0,821.0,345.0,787.0,331.0,777.0,502.0,393.0,647.0,327.0,306.0,240.0,195.0,113.0,88.0,44.0,59.0,79.0,19.0,26.0,58.0,24.0,21.0,33.0,14.0,27.0,13.0,27.0,19.0,18.0,20.0,9.0,8.0,14.0,9.0,5.0,15.0,12.0,12.0,13.0,17.0,23.0,15.0,23.0,15.0,10.0,11.0,15.0,10.0,15.0,16.0,21.0,14.0,31.0,23.0,25.0,30.0,11.0,48.0,22.0,23.0,54.0,14.0,23.0,21.0,12.0,28.0,11.0,9.0,44.0,23.0,36.0,19.0,17.0,21.0,25.0,11.0,37.0,22.0,7.0,18.0,10.0,17.0,13.0,8.0
