63.0,35.0,19.0,47.0,14.0,15.0,18.0,16.0,11.0,12.0,10.0,13.0,15.0,14.0,14.0,8.0,8.0,12.0,9.0,31.0,23.0,11.0,21.0,5.0,6.0,21.0,8.0,17.0,12.0,19.0,6.0,16.0,12.0,4.0,6.0,9.0,9.0,8.0,11.0,9.0,15.0,24.0,10.0,10.0,8.0,13.0,8.0,8.0,8.0,14.0,14.0,8.0,22.0,8.0,15.0,11.0,7.0,11.0,19.0,9.0,4.0,6.0,10.0,11.0,9.0,12.0,17.0,16.0,8.0,11.0,13.0,6.0,14.0,13.0,11.0,9.0,12.0,11.0,11.0,23.0,16.0,7.0,11.0,8.0,22.0,14.0,13.0,14.0,15.0,20.0,14.0,20.0,9.0,12.0,16.0,11.0,4.0,12.0,21.0,10.0,14.0,10.0,17.0,11.0,4.0,19.0,7.0,7.0,5.0,13.0,15.0,7.0,12.0,8.0,13.0,11.0,10.0,11.0,9.0,11.0,9.0,9.0,24.0,10.0,23.0,7.0,14.0,5.0,25.0,30.0,9.0,8.0,17.0,18.0,4.0,13.0,25.0,8.0,15.0,20.0,16.0,9.0,14.0,10.0,15.0,5.0,7.0,6.0,8.0,13.0,10.0,15.0,33.0,23.0,18.0,32.0,33.0,13.0,18.0,22.0,15.0,13.0,24.0,15.0,6.0,23.0,30.0,5.0,11.0,12.0,14.0,10.0,20.0,7.0,19.0,16.0,18.0,15.0,10.0,17.0,15.0,12.0,13.0,15.0,10.0,8.0,13.0,18.0,6.0,17.0,11.0,8.0,6.0,17.0,10.0,11.0,15.0,16.0,22.0,10.0
15.0,11.0,13.0,9.0,15.0,9.0,21.0,7.0,23.0,13.0,13.0,14.0,9.0,13.0,17.0,8.0,5.0,8.0,13.0,17.0,9.0,13.0,19.0,8.0,5.0,7.0,10.0,13.0,8.0,9.0,10.0,7.0,9.0,15.0,8.0,17.0,14.0,14.0,11.0,11.0,7.0,6.0,14.0,17.0,24.0,14.0,17.0,14.0,17.0,9.0,11.0,9.0,15.0,11.0,13.0,7.0,14.0,11.0,13.0,25.0,48.0,60.0,188.0,399.0,740.0,533.0,931.0,1062.0,1039.0,1223.0,1313.0,1076.0,1430.0,1203.0,1321.0,1352.0,1135.0,827.0,1527.0,1053.0,775.0,1319.0,1004.0,811.0,969.0,1155.0,825.0,1241.0,1079.0,668.0,1065.0,1144.0,869.0,635.0,234.0,279.0,396.0,288.0,993.0,1022.0,975.0,1206.0,1180.0,833.0,1252.0,864.0,556.0,1083.0,682.0,326.0,723.0,706.0,185.0,693.0,389.0,579.0,689.0,149.0,759.0,691.0,103.0,826.0,757.0,413.0,752.0,437.0,716.0,907.0,277.0,785.0,822.0,275.0,886.0,338.0,760.0,884.0,314.0,770.0,261.0,783.0,820.0,262.0,755.0,299.0,754.0,845.0,311.0,806.0,341.0,800.0,868.0,305.0,835.0,300.0,741.0,559.0,457.0,772.0,277.0,629.0,274.0,538.0,425.0,296.0,401.0,103.0,407.0,266.0,330.0,144.0,324.0,238.0,87.0,133.0,105.0,106.0,105.0,35.0,35.0,7.0,28.0,9.0,15.0,9.0,20.0,15.0,19.0,17.0,12.0,18.0,9.0,10.0,17.0,16.0,21.0,12.0,24.0,26.0,7.0,19.0
15.0,9.0,7.0,17.0,17.0,7.0,21.0,13.0,9.0,17.0,5.0,12.0,11.0,13.0,19.0,15.0,11.0,11.0,12.0,7.0,7.0,15.0,10.0,14.0,11.0,15.0,6.0,13.0,6.0,8.0,10.0,16.0,12.0,28.0,12.0,14.0,9.0,14.0,13.0,13.0,16.0,20.0,16.0,40.0,29.0,19.0,11.0,14.0,15.0,17.0,6.0,17.0,18.0,26.0,12.0,13.0,13.0,25.0,17.0,24.0,15.0,32.0,53.0,42.0,115.0,88.0,207.0,305.0,471.0,1303.0,1128.0,946.0,1395.0,1151.0,852.0,1295.0,1144.0,1096.0,1042.0,991.0,1045.0,1069.0,980.0,1093.0,1010.0,920.0,1135.0,1132.0,821.0,992.0,1107.0,799.0,1231.0,1187.0,708.0,1193.0,1132.0,864.0,932.0,355.0,181.0,123.0,243.0,176.0,208.0,462.0,1339.0,1068.0,982.0,1473.0,1045.0,703.0,1098.0,695.0,1137.0,1110.0,924.0,812.0,835.0,463.0,692.0,674.0,135.0,694.0,585.0,339.0,692.0,233.0,708.0,655.0,105.0,724.0,739.0,365.0,792.0,381.0,711.0,890.0,268.0,662.0,535.0,532.0,798.0,200.0,683.0,573.0,472.0,751.0,256.0,725.0,501.0,481.0,778.0,288.0,697.0,398.0,528.0,737.0,231.0,665.0,390.0,512.0,730.0,222.0,649.0,333.0,583.0,702.0,220.0,613.0,192.0,500.0,374.0,296.0,426.0,79.0,401.0,220.0,384.0,318.0,126.0,341.0,272.0,283.0,136.0,265.0,200.0,75.0,125.0,151.0,90.0,64.0,72.0,60.0,26.0,20.0,24.0,12.0,13.0,11.0
6.0,11.0,19.0,17.0,17.0,11.0,8.0,14.0,8.0,9.0,6.0,11.0,21.0,17.0,4.0,16.0,27.0,16.0,4.0,14.0,2.0,12.0,20.0,9.0,11.0,17.0,6.0,14.0,12.0,19.0,9.0,7.0,15.0,17.0,9.0,13.0,19.0,12.0,17.0,6.0,20.0,11.0,18.0,12.0,15.0,10.0,20.0,11.0,13.0,11.0,14.0,8.0,17.0,15.0,14.0,15.0,36.0,41.0,20.0,32.0,17.0,41.0,33.0,9.0,46.0,69.0,26.0,54.0,35.0,73.0,75.0,210.0,350.0,627.0,574.0,1187.0,891.0,876.0,1174.0,970.0,1252.0,1132.0,1140.0,1317.0,1096.0,918.0,1424.0,1001.0,895.0,1354.0,1187.0,878.0,1261.0,1103.0,718.0,1299.0,1165.0,799.0,1192.0,1225.0,858.0,1136.0,1337.0,986.0,284.0,151.0,125.0,196.0,186.0,138.0,143.0,374.0,913.0,1163.0,886.0,902.0,1245.0,899.0,857.0,1410.0,830.0,775.0,1037.0,701.0,487.0,502.0,364.0,521.0,624.0,113.0,715.0,611.0,92.0,633.0,526.0,356.0,654.0,239.0,720.0,759.0,251.0,707.0,551.0,442.0,728.0,130.0,675.0,707.0,195.0,658.0,192.0,639.0,646.0,173.0,636.0,198.0,636.0,655.0,151.0,593.0,260.0,565.0,648.0,185.0,619.0,376.0,468.0,657.0,162.0,613.0,469.0,367.0,634.0,156.0,599.0,494.0,271.0,563.0,128.0,442.0,328.0,302.0,361.0,139.0,441.0,299.0,269.0,309.0,328.0,313.0,261.0,311.0,199.0,175.0,161.0,141.0,71.0,110.0,98.0,32.0
7.0,18.0,13.0,10.0,13.0,12.0,16.0,8.0,14.0,8.0,20.0,14.0,17.0,5.0,19.0,12.0,11.0,16.0,11.0,12.0,10.0,16.0,10.0,17.0,8.0,10.0,9.0,9.0,9.0,15.0,15.0,12.0,13.0,13.0,13.0,22.0,25.0,19.0,19.0,11.0,13.0,19.0,9.0,18.0,7.0,7.0,11.0,24.0,20.0,15.0,54.0,28.0,35.0,108.0,102.0,135.0,229.0,431.0,554.0,1388.0,998.0,733.0,1323.0,944.0,892.0,1175.0,829.0,997.0,1028.0,805.0,1046.0,981.0,697.0,1134.0,988.0,591.0,909.0,921.0,577.0,1040.0,965.0,467.0,1019.0,1029.0,517.0,1087.0,553.0,87.0,115.0,264.0,277.0,812.0,821.0,655.0,1066.0,924.0,682.0,1187.0,833.0,668.0,1116.0,870.0,630.0,872.0,776.0,379.0,768.0,371.0,425.0,590.0,239.0,673.0,592.0,154.0,714.0,559.0,121.0,582.0,402.0,529.0,642.0,233.0,763.0,752.0,172.0,696.0,478.0,478.0,676.0,150.0,641.0,630.0,292.0,642.0,129.0,628.0,647.0,140.0,548.0,150.0,593.0,607.0,165.0,555.0,184.0,613.0,634.0,175.0,575.0,196.0,592.0,616.0,168.0,581.0,226.0,586.0,629.0,127.0,563.0,256.0,518.0,505.0,97.0,450.0,170.0,460.0,365.0,98.0,364.0,194.0,376.0,249.0,252.0,345.0,166.0,194.0,127.0,156.0,104.0,33.0,51.0,70.0,40.0,20.0,8.0,11.0,18.0,24.0,20.0,13.0,14.0,13.0,15.0,17.0,5.0,12.0,9.0,10.0,17.0,17.0
20.0,8.0,12.0,18.0,14.0,8.0,12.0,15.0,9.0,11.0,15.0,7.0,7.0,17.0,23.0,7.0,14.0,16.0,9.0,5.0,8.0,15.0,17.0,8.0,21.0,17.0,7.0,14.0,13.0,14.0,9.0,15.0,13.0,10.0,9.0,13.0,22.0,27.0,15.0,21.0,15.0,9.0,18.0,22.0,16.0,31.0,66.0,60.0,161.0,144.0,326.0,587.0,766.0,548.0,756.0,799.0,569.0,1039.0,787.0,898.0,1092.0,756.0,882.0,913.0,654.0,1122.0,906.0,544.0,931.0,933.0,673.0,943.0,840.0,769.0,963.0,616.0,817.0,1053.0,508.0,881.0,1044.0,562.0,977.0,284.0,151.0,172.0,125.0,293.0,752.0,784.0,1140.0,1017.0,795.0,889.0,999.0,603.0,1070.0,951.0,548.0,1001.0,795.0,570.0,910.0,623.0,361.0,632.0,235.0,649.0,593.0,221.0,662.0,538.0,243.0,619.0,195.0,705.0,597.0,245.0,643.0,633.0,330.0,700.0,170.0,695.0,629.0,257.0,643.0,151.0,610.0,543.0,277.0,634.0,143.0,593.0,463.0,312.0,597.0,136.0,535.0,346.0,380.0,528.0,91.0,492.0,283.0,445.0,531.0,126.0,497.0,202.0,500.0,545.0,125.0,471.0,129.0,446.0,312.0,269.0,299.0,86.0,354.0,221.0,288.0,163.0,253.0,256.0,72.0,163.0,159.0,100.0,86.0,43.0,70.0,28.0,19.0,15.0,14.0,13.0,16.0,9.0,13.0,12.0,20.0,17.0,14.0,10.0,11.0,9.0,15.0,24.0,7.0,20.0,11.0,18.0,16.0,12.0,13.0,4.0,9.0,11.0
23.0,19.0,7.0,20.0,9.0,14.0,19.0,17.0,5.0,19.0,19.0,6.0,14.0,11.0,6.0,8.0,15.0,9.0,25.0,13.0,15.0,6.0,15.0,6.0,12.0,21.0,36.0,11.0,19.0,10.0,13.0,24.0,29.0,19.0,15.0,17.0,31.0,6.0,28.0,21.0,12.0,23.0,16.0,8.0,25.0,19.0,50.0,59.0,80.0,211.0,246.0,538.0,687.0,549.0,843.0,663.0,686.0,857.0,650.0,1032.0,866.0,538.0,1017.0,852.0,686.0,890.0,799.0,645.0,852.0,660.0,636.0,950.0,484.0,875.0,803.0,340.0,992.0,784.0,471.0,957.0,898.0,519.0,746.0,206.0,104.0,159.0,170.0,221.0,542.0,540.0,1155.0,825.0,656.0,1030.0,755.0,704.0,1107.0,582.0,712.0,861.0,728.0,534.0,482.0,159.0,636.0,547.0,142.0,598.0,480.0,302.0,585.0,169.0,661.0,519.0,109.0,660.0,594.0,304.0,627.0,144.0,661.0,632.0,157.0,575.0,215.0,596.0,610.0,109.0,538.0,299.0,473.0,577.0,126.0,529.0,306.0,462.0,593.0,169.0,561.0,345.0,407.0,591.0,155.0,566.0,372.0,383.0,595.0,131.0,578.0,376.0,391.0,566.0,96.0,519.0,183.0,402.0,370.0,64.0,373.0,172.0,399.0,341.0,111.0,310.0,163.0,392.0,93.0,209.0,214.0,131.0,90.0,28.0,75.0,33.0,20.0,17.0,16.0,8.0,16.0,14.0,17.0,14.0,10.0,10.0,30.0,15.0,15.0,13.0,15.0,30.0,6.0,17.0,8.0,17.0,13.0,17.0,16.0,9.0,24.0,14.0
17.0,16.0,16.0,7.0,23.0,10.0,20.0,6.0,14.0,13.0,18.0,20.0,9.0,26.0,8.0,13.0,13.0,10.0,9.0,15.0,20.0,15.0,23.0,13.0,22.0,15.0,11.0,10.0,5.0,11.0,8.0,8.0,39.0,5.0,17.0,13.0,23.0,22.0,34.0,42.0,127.0,154.0,499.0,758.0,563.0,904.0,850.0,594.0,997.0,874.0,591.0,889.0,806.0,741.0,955.0,765.0,608.0,1030.0,623.0,752.0,972.0,528.0,798.0,905.0,528.0,1127.0,1010.0,497.0,1128.0,1075.0,713.0,524.0,230.0,173.0,201.0,326.0,804.0,859.0,705.0,1124.0,1060.0,650.0,1089.0,878.0,780.0,1136.0,799.0,854.0,916.0,609.0,390.0,633.0,171.0,690.0,660.0,201.0,709.0,163.0,709.0,661.0,132.0,710.0,699.0,514.0,777.0,199.0,707.0,801.0,275.0,748.0,251.0,772.0,786.0,290.0,811.0,266.0,696.0,649.0,398.0,751.0,267.0,641.0,342.0,566.0,667.0,279.0,573.0,179.0,575.0,517.0,313.0,666.0,190.0,596.0,287.0,558.0,635.0,175.0,593.0,167.0,545.0,489.0,285.0,508.0,126.0,349.0,149.0,402.0,313.0,152.0,238.0,127.0,367.0,158.0,196.0,96.0,136.0,130.0,38.0,44.0,14.0,20.0,45.0,22.0,17.0,17.0,11.0,20.0,12.0,8.0,12.0,9.0,11.0,9.0,17.0,17.0,4.0,12.0,19.0,11.0,20.0,12.0,16.0,12.0,19.0,13.0,19.0,15.0,9.0,9.0,11.0,18.0,12.0,8.0,14.0,15.0,21.0,12.0,12.0,14.0
9.0,16.0,4.0,20.0,23.0,4.0,11.0,14.0,15.0,39.0,14.0,15.0,13.0,24.0,18.0,25.0,12.0,18.0,9.0,10.0,33.0,23.0,23.0,15.0,11.0,36.0,23.0,7.0,16.0,11.0,15.0,13.0,9.0,24.0,23.0,8.0,31.0,19.0,19.0,8.0,9.0,21.0,11.0,12.0,10.0,29.0,21.0,26.0,40.0,50.0,92.0,218.0,464.0,605.0,706.0,1021.0,895.0,612.0,1203.0,1039.0,683.0,1007.0,991.0,808.0,1094.0,1023.0,745.0,856.0,987.0,686.0,827.0,888.0,592.0,968.0,786.0,671.0,987.0,713.0,879.0,676.0,171.0,270.0,180.0,241.0,611.0,700.0,720.0,875.0,655.0,861.0,750.0,514.0,841.0,827.0,496.0,810.0,724.0,552.0,603.0,254.0,659.0,638.0,179.0,658.0,339.0,526.0,657.0,132.0,647.0,463.0,590.0,608.0,212.0,720.0,746.0,271.0,691.0,313.0,626.0,769.0,262.0,722.0,305.0,693.0,829.0,287.0,775.0,311.0,681.0,695.0,290.0,740.0,280.0,651.0,570.0,348.0,713.0,251.0,659.0,532.0,404.0,739.0,260.0,664.0,497.0,428.0,738.0,266.0,627.0,409.0,494.0,703.0,221.0,599.0,239.0,472.0,501.0,101.0,428.0,159.0,449.0,398.0,112.0,356.0,281.0,337.0,162.0,322.0,203.0,94.0,91.0,65.0,39.0,17.0,11.0,23.0,22.0,15.0,7.0,14.0,13.0,17.0,18.0,12.0,28.0,10.0,13.0,15.0,17.0,12.0,17.0,26.0,12.0,24.0,12.0,16.0,16.0,16.0,16.0,14.0
10.0,8.0,15.0,8.0,21.0,19.0,11.0,14.0,11.0,15.0,16.0,18.0,14.0,11.0,7.0,9.0,6.0,8.0,9.0,15.0,15.0,18.0,12.0,16.0,11.0,17.0,20.0,15.0,15.0,29.0,17.0,21.0,13.0,7.0,12.0,14.0,16.0,42.0,30.0,59.0,74.0,130.0,147.0,414.0,692.0,575.0,829.0,821.0,512.0,1053.0,918.0,661.0,1076.0,950.0,933.0,1035.0,812.0,872.0,938.0,653.0,1065.0,887.0,503.0,951.0,913.0,524.0,1081.0,904.0,534.0,1078.0,797.0,558.0,1080.0,896.0,324.0,318.0,247.0,522.0,735.0,603.0,958.0,808.0,630.0,1057.0,847.0,557.0,1047.0,839.0,559.0,925.0,699.0,593.0,735.0,388.0,479.0,567.0,130.0,666.0,560.0,120.0,619.0,441.0,422.0,574.0,246.0,671.0,713.0,158.0,668.0,473.0,425.0,669.0,155.0,602.0,574.0,276.0,645.0,154.0,595.0,526.0,326.0,645.0,163.0,612.0,498.0,321.0,641.0,175.0,577.0,408.0,388.0,622.0,143.0,578.0,351.0,445.0,623.0,136.0,575.0,264.0,513.0,598.0,150.0,520.0,144.0,494.0,454.0,268.0,428.0,80.0,308.0,196.0,395.0,242.0,211.0,245.0,264.0,296.0,47.0,169.0,152.0,107.0,104.0,40.0,69.0,40.0,24.0,23.0,23.0,23.0,20.0,17.0,29.0,15.0,16.0,16.0,13.0,16.0,18.0,17.0,17.0,14.0,16.0,17.0,9.0,12.0,16.0,7.0,17.0,11.0,18.0,6.0,5.0,19.0,14.0,9.0,6.0,7.0,16.0,5.0
19.0,17.0,7.0,11.0,14.0,20.0,15.0,503.0,22.0,20.0,10.0,21.0,13.0,18.0,25.0,14.0,14.0,24.0,24.0,7.0,18.0,15.0,39.0,13.0,14.0,15.0,15.0,18.0,12.0,15.0,14.0,24.0,19.0,22.0,19.0,25.0,17.0,38.0,42.0,64.0,88.0,87.0,230.0,293.0,398.0,744.0,626.0,377.0,912.0,764.0,746.0,1177.0,769.0,980.0,1049.0,846.0,985.0,975.0,738.0,1247.0,948.0,654.0,1009.0,898.0,614.0,1054.0,853.0,628.0,914.0,781.0,653.0,1059.0,860.0,679.0,1066.0,675.0,796.0,1034.0,571.0,314.0,147.0,172.0,361.0,355.0,831.0,786.0,558.0,1088.0,849.0,596.0,989.0,727.0,763.0,855.0,583.0,936.0,835.0,491.0,796.0,603.0,293.0,654.0,125.0,679.0,548.0,75.0,625.0,260.0,589.0,561.0,133.0,676.0,601.0,287.0,677.0,148.0,653.0,684.0,156.0,669.0,162.0,632.0,728.0,182.0,677.0,194.0,662.0,713.0,203.0,660.0,184.0,664.0,651.0,186.0,629.0,173.0,601.0,632.0,215.0,618.0,159.0,588.0,499.0,289.0,625.0,152.0,556.0,359.0,416.0,599.0,170.0,496.0,214.0,464.0,431.0,141.0,347.0,67.0,391.0,282.0,215.0,247.0,137.0,371.0,232.0,240.0,261.0,208.0,150.0,70.0,109.0,66.0,27.0,19.0,20.0,12.0,18.0,17.0,16.0,6.0,16.0,12.0,12.0,17.0,17.0,12.0,10.0,18.0,13.0,10.0,14.0,15.0,17.0,24.0,4.0,16.0,25.0,26.0,12.0,5.0
11.0,5.0,11.0,6.0,12.0,14.0,12.0,13.0,15.0,18.0,12.0,22.0,16.0,20.0,10.0,9.0,5.0,10.0,29.0,17.0,13.0,5.0,11.0,10.0,15.0,13.0,10.0,18.0,14.0,5.0,10.0,14.0,12.0,14.0,10.0,16.0,19.0,18.0,23.0,10.0,9.0,8.0,10.0,15.0,14.0,12.0,15.0,23.0,14.0,9.0,14.0,12.0,9.0,12.0,15.0,20.0,9.0,12.0,23.0,23.0,43.0,57.0,114.0,127.0,322.0,555.0,499.0,908.0,692.0,577.0,928.0,706.0,683.0,953.0,686.0,1000.0,964.0,495.0,1061.0,1014.0,468.0,933.0,807.0,518.0,925.0,760.0,568.0,836.0,782.0,591.0,795.0,751.0,718.0,1044.0,391.0,354.0,121.0,77.0,257.0,110.0,249.0,656.0,585.0,1158.0,920.0,685.0,1181.0,787.0,786.0,1143.0,741.0,753.0,776.0,525.0,877.0,544.0,135.0,641.0,345.0,537.0,612.0,82.0,652.0,519.0,275.0,630.0,137.0,676.0,665.0,219.0,688.0,282.0,584.0,717.0,220.0,693.0,272.0,651.0,750.0,224.0,693.0,245.0,661.0,676.0,170.0,621.0,141.0,544.0,520.0,260.0,579.0,161.0,546.0,300.0,433.0,563.0,146.0,508.0,169.0,526.0,476.0,238.0,529.0,112.0,488.0,275.0,380.0,352.0,67.0,314.0,104.0,357.0,252.0,179.0,216.0,264.0,337.0,84.0,189.0,171.0,155.0,138.0,60.0,96.0,82.0,31.0,33.0,16.0,7.0,12.0,16.0,36.0,18.0,15.0,12.0,14.0,15.0,18.0,35.0,20.0
12.0,15.0,12.0,5.0,14.0,16.0,17.0,8.0,18.0,10.0,20.0,13.0,14.0,6.0,15.0,15.0,16.0,6.0,4.0,23.0,14.0,12.0,15.0,8.0,16.0,17.0,19.0,17.0,11.0,11.0,11.0,8.0,6.0,11.0,2.0,5.0,11.0,9.0,28.0,9.0,11.0,13.0,15.0,17.0,13.0,5.0,9.0,12.0,13.0,33.0,35.0,69.0,128.0,318.0,452.0,889.0,704.0,561.0,851.0,559.0,1033.0,975.0,739.0,1167.0,1008.0,732.0,1091.0,826.0,1040.0,1090.0,802.0,976.0,979.0,645.0,1014.0,843.0,632.0,1242.0,1097.0,686.0,1212.0,981.0,748.0,885.0,342.0,199.0,85.0,205.0,423.0,676.0,792.0,963.0,955.0,838.0,935.0,891.0,579.0,1083.0,990.0,618.0,1060.0,859.0,556.0,805.0,487.0,239.0,640.0,171.0,720.0,537.0,151.0,622.0,377.0,489.0,571.0,124.0,651.0,651.0,209.0,660.0,160.0,641.0,697.0,112.0,631.0,184.0,641.0,710.0,169.0,656.0,213.0,630.0,702.0,168.0,638.0,179.0,610.0,603.0,190.0,605.0,129.0,560.0,503.0,239.0,563.0,126.0,549.0,454.0,305.0,582.0,132.0,550.0,370.0,402.0,550.0,94.0,518.0,319.0,407.0,400.0,90.0,375.0,218.0,396.0,249.0,200.0,330.0,237.0,252.0,67.0,185.0,171.0,74.0,91.0,65.0,81.0,39.0,15.0,15.0,12.0,16.0,19.0,11.0,16.0,5.0,15.0,14.0,14.0,27.0,10.0,12.0,6.0,9.0,14.0,8.0,13.0,10.0,18.0,12.0,16.0
19.0,14.0,17.0,16.0,6.0,16.0,10.0,6.0,19.0,22.0,12.0,9.0,17.0,11.0,10.0,12.0,9.0,19.0,15.0,15.0,14.0,17.0,12.0,3.0,8.0,13.0,10.0,11.0,6.0,19.0,8.0,8.0,15.0,13.0,11.0,13.0,17.0,17.0,9.0,4.0,16.0,14.0,7.0,10.0,31.0,8.0,14.0,10.0,9.0,15.0,16.0,46.0,42.0,14.0,19.0,38.0,42.0,26.0,22.0,23.0,59.0,171.0,234.0,558.0,621.0,847.0,843.0,705.0,930.0,853.0,925.0,908.0,788.0,1315.0,972.0,867.0,1211.0,1013.0,911.0,959.0,941.0,787.0,1071.0,753.0,944.0,1015.0,560.0,954.0,937.0,490.0,1069.0,957.0,534.0,1012.0,900.0,647.0,802.0,336.0,314.0,575.0,369.0,984.0,934.0,688.0,1081.0,780.0,861.0,1002.0,644.0,1056.0,769.0,527.0,932.0,742.0,486.0,610.0,231.0,704.0,636.0,169.0,663.0,236.0,659.0,662.0,197.0,708.0,287.0,704.0,799.0,363.0,782.0,437.0,718.0,872.0,347.0,782.0,359.0,683.0,831.0,265.0,713.0,289.0,648.0,494.0,450.0,741.0,255.0,632.0,273.0,609.0,575.0,299.0,660.0,217.0,574.0,324.0,484.0,645.0,200.0,591.0,203.0,539.0,450.0,350.0,591.0,160.0,509.0,228.0,496.0,400.0,164.0,326.0,66.0,352.0,247.0,298.0,219.0,244.0,368.0,152.0,177.0,110.0,131.0,109.0,32.0,52.0,35.0,41.0,8.0,15.0,16.0,11.0,17.0,9.0,25.0,11.0,15.0,15.0,8.0,17.0
8.0,11.0,7.0,16.0,21.0,7.0,14.0,18.0,13.0,12.0,9.0,14.0,22.0,15.0,23.0,15.0,9.0,16.0,15.0,17.0,12.0,14.0,17.0,8.0,8.0,15.0,8.0,15.0,28.0,15.0,14.0,13.0,18.0,6.0,15.0,12.0,16.0,13.0,16.0,14.0,8.0,15.0,18.0,20.0,18.0,20.0,17.0,27.0,24.0,26.0,29.0,51.0,76.0,112.0,178.0,334.0,672.0,946.0,826.0,936.0,669.0,1259.0,997.0,846.0,1139.0,1041.0,920.0,1058.0,796.0,890.0,1070.0,725.0,1003.0,876.0,565.0,955.0,893.0,579.0,1193.0,907.0,527.0,1003.0,927.0,727.0,984.0,239.0,192.0,117.0,117.0,423.0,726.0,534.0,1058.0,890.0,703.0,1156.0,781.0,836.0,1035.0,625.0,1207.0,830.0,715.0,1171.0,767.0,617.0,647.0,298.0,698.0,706.0,146.0,749.0,666.0,149.0,679.0,389.0,563.0,668.0,260.0,632.0,724.0,248.0,738.0,364.0,678.0,831.0,202.0,728.0,573.0,399.0,731.0,136.0,659.0,618.0,250.0,702.0,144.0,692.0,618.0,305.0,710.0,176.0,654.0,538.0,355.0,707.0,170.0,646.0,462.0,416.0,681.0,159.0,598.0,323.0,504.0,635.0,146.0,534.0,194.0,536.0,550.0,197.0,380.0,65.0,343.0,244.0,409.0,281.0,185.0,335.0,293.0,350.0,98.0,248.0,305.0,151.0,174.0,110.0,186.0,134.0,53.0,62.0,54.0,49.0,17.0,16.0,24.0,12.0,27.0,24.0,13.0,20.0,6.0,14.0,6.0,9.0,29.0,14.0,14.0,5.0
15.0,15.0,20.0,10.0,13.0,22.0,14.0,15.0,14.0,18.0,8.0,13.0,19.0,8.0,7.0,16.0,13.0,12.0,19.0,7.0,14.0,18.0,13.0,18.0,32.0,9.0,16.0,18.0,7.0,12.0,32.0,25.0,14.0,13.0,13.0,14.0,18.0,31.0,15.0,20.0,7.0,18.0,14.0,27.0,10.0,18.0,23.0,23.0,44.0,47.0,79.0,69.0,103.0,180.0,242.0,1164.0,916.0,1010.0,1224.0,1072.0,916.0,1141.0,842.0,1058.0,1088.0,749.0,997.0,1028.0,622.0,1276.0,871.0,652.0,1091.0,904.0,581.0,1132.0,1024.0,530.0,992.0,878.0,670.0,727.0,251.0,170.0,93.0,142.0,548.0,900.0,727.0,1009.0,864.0,764.0,935.0,593.0,964.0,927.0,443.0,817.0,754.0,473.0,620.0,328.0,601.0,654.0,129.0,695.0,604.0,222.0,645.0,137.0,734.0,613.0,150.0,651.0,380.0,547.0,740.0,156.0,709.0,390.0,534.0,729.0,150.0,709.0,402.0,555.0,727.0,189.0,693.0,392.0,541.0,734.0,160.0,720.0,421.0,498.0,717.0,146.0,652.0,371.0,515.0,686.0,145.0,652.0,275.0,585.0,651.0,140.0,604.0,184.0,576.0,628.0,211.0,578.0,133.0,545.0,372.0,359.0,365.0,79.0,352.0,197.0,406.0,321.0,208.0,264.0,312.0,359.0,77.0,187.0,189.0,151.0,129.0,40.0,75.0,75.0,29.0,13.0,37.0,16.0,19.0,12.0,10.0,10.0,12.0,16.0,27.0,10.0,24.0,13.0,12.0,15.0,12.0,17.0,8.0,8.0,11.0,19.0,6.0,16.0
8.0,5.0,18.0,21.0,9.0,7.0,18.0,15.0,12.0,4.0,7.0,13.0,5.0,11.0,15.0,15.0,17.0,12.0,12.0,12.0,28.0,10.0,9.0,18.0,7.0,8.0,11.0,10.0,9.0,16.0,13.0,30.0,14.0,26.0,19.0,25.0,16.0,30.0,33.0,48.0,31.0,62.0,72.0,136.0,245.0,316.0,1169.0,901.0,901.0,1161.0,853.0,827.0,1143.0,711.0,1090.0,971.0,679.0,1103.0,910.0,655.0,866.0,900.0,596.0,932.0,879.0,610.0,889.0,682.0,803.0,900.0,587.0,963.0,743.0,206.0,237.0,95.0,135.0,323.0,441.0,771.0,853.0,707.0,964.0,956.0,569.0,966.0,904.0,571.0,1055.0,928.0,521.0,963.0,618.0,309.0,634.0,273.0,640.0,592.0,152.0,696.0,564.0,281.0,645.0,215.0,728.0,689.0,253.0,709.0,592.0,387.0,703.0,141.0,763.0,749.0,173.0,740.0,147.0,731.0,742.0,179.0,730.0,168.0,745.0,668.0,253.0,722.0,172.0,641.0,510.0,346.0,663.0,155.0,603.0,322.0,488.0,592.0,131.0,566.0,216.0,547.0,644.0,137.0,546.0,142.0,581.0,452.0,316.0,503.0,87.0,399.0,237.0,436.0,317.0,158.0,258.0,250.0,389.0,162.0,225.0,149.0,207.0,213.0,74.0,103.0,68.0,64.0,62.0,16.0,25.0,15.0,31.0,18.0,27.0,19.0,9.0,6.0,21.0,29.0,31.0,12.0,7.0,42.0,45.0,13.0,14.0,19.0,25.0,17.0,34.0,33.0,20.0,20.0,19.0,15.0,15.0,17.0,34.0,17.0,8.0,15.0
13.0,15.0,26.0,12.0,6.0,10.0,14.0,9.0,9.0,20.0,12.0,18.0,17.0,12.0,15.0,11.0,14.0,14.0,6.0,12.0,6.0,28.0,19.0,25.0,16.0,17.0,39.0,41.0,67.0,105.0,274.0,535.0,499.0,988.0,836.0,645.0,906.0,926.0,650.0,1231.0,1023.0,853.0,1158.0,1003.0,853.0,1172.0,1092.0,1025.0,919.0,970.0,904.0,850.0,852.0,905.0,893.0,792.0,941.0,1049.0,539.0,1193.0,1068.0,610.0,1112.0,477.0,294.0,541.0,360.0,979.0,912.0,619.0,1128.0,831.0,830.0,920.0,547.0,885.0,873.0,532.0,802.0,756.0,461.0,678.0,263.0,703.0,605.0,186.0,665.0,153.0,642.0,665.0,166.0,697.0,213.0,769.0,675.0,317.0,717.0,396.0,617.0,794.0,345.0,778.0,340.0,709.0,841.0,304.0,773.0,308.0,662.0,686.0,387.0,769.0,289.0,660.0,447.0,502.0,739.0,284.0,630.0,268.0,625.0,712.0,274.0,688.0,236.0,637.0,484.0,424.0,708.0,253.0,610.0,279.0,586.0,690.0,246.0,611.0,177.0,502.0,308.0,413.0,375.0,108.0,347.0,239.0,423.0,234.0,299.0,326.0,243.0,231.0,84.0,164.0,213.0,130.0,94.0,54.0,113.0,79.0,30.0,28.0,20.0,23.0,9.0,14.0,16.0,14.0,18.0,12.0,16.0,14.0,11.0,10.0,13.0,12.0,11.0,7.0,9.0,21.0,9.0,22.0,17.0,9.0,11.0,23.0,15.0,11.0,14.0,13.0,17.0,6.0,18.0,26.0,11.0,14.0,8.0,17.0,5.0,15.0,9.0,5.0
12.0,7.0,18.0,16.0,8.0,7.0,11.0,10.0,14.0,9.0,22.0,14.0,4.0,7.0,9.0,20.0,11.0,14.0,11.0,16.0,16.0,18.0,8.0,6.0,16.0,9.0,11.0,4.0,13.0,13.0,11.0,5.0,12.0,12.0,10.0,14.0,12.0,8.0,17.0,13.0,30.0,17.0,17.0,21.0,11.0,17.0,23.0,21.0,26.0,38.0,57.0,78.0,132.0,188.0,320.0,463.0,477.0,338.0,788.0,814.0,550.0,1000.0,772.0,1029.0,1053.0,731.0,1170.0,1004.0,931.0,1204.0,871.0,1093.0,1167.0,938.0,1100.0,1086.0,752.0,1317.0,1048.0,642.0,1302.0,981.0,747.0,1337.0,1030.0,901.0,1049.0,493.0,290.0,178.0,174.0,184.0,315.0,744.0,982.0,885.0,1060.0,1047.0,835.0,973.0,1018.0,594.0,1066.0,824.0,562.0,918.0,780.0,566.0,636.0,337.0,640.0,672.0,152.0,699.0,589.0,252.0,656.0,167.0,688.0,614.0,148.0,659.0,429.0,494.0,772.0,224.0,677.0,434.0,508.0,783.0,220.0,701.0,402.0,575.0,773.0,263.0,687.0,353.0,584.0,739.0,216.0,663.0,241.0,606.0,671.0,167.0,612.0,173.0,599.0,580.0,218.0,627.0,153.0,573.0,508.0,331.0,596.0,125.0,566.0,416.0,427.0,582.0,96.0,448.0,214.0,462.0,404.0,146.0,350.0,189.0,437.0,280.0,257.0,289.0,269.0,250.0,67.0,152.0,150.0,91.0,65.0,43.0,54.0,17.0,15.0,10.0,14.0,15.0,13.0,16.0,9.0,10.0,29.0,10.0,6.0,12.0,33.0,15.0,23.0,11.0
12.0,10.0,15.0,6.0,16.0,14.0,8.0,10.0,14.0,14.0,8.0,14.0,7.0,13.0,15.0,14.0,35.0,12.0,11.0,16.0,6.0,17.0,28.0,19.0,23.0,28.0,17.0,24.0,14.0,11.0,17.0,14.0,13.0,7.0,16.0,18.0,14.0,10.0,49.0,14.0,11.0,17.0,57.0,31.0,42.0,48.0,76.0,88.0,220.0,251.0,683.0,643.0,554.0,749.0,552.0,1115.0,896.0,652.0,1101.0,800.0,800.0,1026.0,652.0,1093.0,981.0,593.0,1195.0,906.0,771.0,965.0,930.0,849.0,1026.0,839.0,1005.0,1078.0,616.0,1289.0,832.0,823.0,722.0,231.0,136.0,172.0,151.0,257.0,509.0,367.0,964.0,758.0,646.0,1029.0,699.0,584.0,915.0,751.0,612.0,772.0,440.0,848.0,759.0,367.0,697.0,414.0,386.0,632.0,136.0,688.0,560.0,152.0,620.0,189.0,626.0,700.0,177.0,715.0,365.0,582.0,755.0,193.0,719.0,364.0,608.0,782.0,210.0,725.0,331.0,651.0,735.0,203.0,675.0,222.0,620.0,534.0,320.0,622.0,142.0,573.0,284.0,544.0,621.0,166.0,603.0,165.0,581.0,516.0,331.0,614.0,172.0,553.0,231.0,551.0,576.0,183.0,501.0,64.0,342.0,214.0,418.0,325.0,156.0,272.0,185.0,433.0,166.0,251.0,218.0,244.0,190.0,65.0,132.0,109.0,51.0,62.0,27.0,25.0,16.0,20.0,20.0,15.0,30.0,35.0,12.0,27.0,16.0,23.0,9.0,17.0,25.0,20.0,21.0,19.0,11.0,15.0,19.0,9.0,31.0,20.0,15.0,18.0
11.0,13.0,11.0,10.0,17.0,10.0,15.0,7.0,5.0,9.0,12.0,9.0,18.0,13.0,15.0,18.0,8.0,11.0,15.0,15.0,9.0,16.0,10.0,12.0,7.0,10.0,9.0,15.0,18.0,28.0,13.0,24.0,11.0,11.0,9.0,8.0,6.0,18.0,16.0,15.0,12.0,12.0,14.0,11.0,23.0,37.0,25.0,28.0,11.0,19.0,8.0,21.0,24.0,17.0,10.0,24.0,20.0,32.0,44.0,38.0,62.0,72.0,67.0,135.0,193.0,408.0,458.0,739.0,928.0,636.0,1161.0,1076.0,890.0,1195.0,819.0,1014.0,1109.0,717.0,1245.0,958.0,727.0,1232.0,950.0,702.0,870.0,832.0,722.0,968.0,464.0,924.0,908.0,459.0,948.0,805.0,469.0,925.0,402.0,254.0,148.0,116.0,181.0,245.0,426.0,787.0,660.0,705.0,799.0,462.0,943.0,663.0,444.0,804.0,704.0,326.0,726.0,532.0,253.0,544.0,155.0,654.0,473.0,173.0,557.0,335.0,492.0,459.0,179.0,617.0,574.0,193.0,546.0,268.0,569.0,654.0,91.0,579.0,336.0,530.0,619.0,116.0,610.0,377.0,443.0,618.0,96.0,597.0,366.0,418.0,589.0,124.0,563.0,317.0,464.0,576.0,104.0,562.0,285.0,526.0,579.0,94.0,558.0,264.0,504.0,564.0,120.0,520.0,187.0,546.0,534.0,111.0,384.0,80.0,373.0,277.0,322.0,217.0,188.0,371.0,193.0,240.0,95.0,211.0,203.0,75.0,93.0,66.0,74.0,38.0,16.0,21.0,5.0,15.0,14.0,15.0,22.0,12.0,10.0,19.0,21.0,11.0
24.0,8.0,15.0,10.0,10.0,10.0,15.0,13.0,11.0,7.0,6.0,7.0,13.0,9.0,16.0,11.0,16.0,19.0,19.0,16.0,11.0,10.0,16.0,18.0,20.0,14.0,12.0,15.0,11.0,7.0,17.0,15.0,18.0,13.0,8.0,10.0,4.0,11.0,12.0,19.0,21.0,19.0,17.0,20.0,7.0,7.0,14.0,16.0,23.0,21.0,19.0,58.0,66.0,78.0,195.0,521.0,619.0,1195.0,871.0,869.0,1183.0,948.0,800.0,1185.0,824.0,869.0,1221.0,804.0,804.0,1070.0,647.0,1021.0,1134.0,614.0,1032.0,1000.0,685.0,1101.0,1148.0,732.0,1134.0,270.0,192.0,123.0,168.0,134.0,170.0,478.0,738.0,754.0,961.0,937.0,715.0,964.0,841.0,550.0,1037.0,904.0,516.0,1030.0,660.0,471.0,775.0,501.0,596.0,533.0,156.0,637.0,471.0,436.0,562.0,189.0,686.0,530.0,255.0,582.0,173.0,670.0,588.0,129.0,648.0,280.0,704.0,688.0,112.0,643.0,240.0,692.0,651.0,123.0,649.0,219.0,686.0,683.0,122.0,622.0,147.0,635.0,558.0,258.0,570.0,120.0,597.0,463.0,352.0,551.0,92.0,531.0,337.0,481.0,554.0,96.0,522.0,222.0,543.0,523.0,123.0,463.0,73.0,374.0,257.0,338.0,273.0,122.0,304.0,251.0,321.0,88.0,200.0,232.0,120.0,123.0,55.0,110.0,105.0,32.0,33.0,13.0,13.0,35.0,10.0,17.0,24.0,11.0,23.0,14.0,16.0,13.0,11.0,19.0,9.0,12.0,21.0,8.0,14.0,5.0,9.0,11.0,9.0,14.0
19.0,12.0,10.0,10.0,15.0,18.0,17.0,25.0,25.0,13.0,4.0,16.0,11.0,5.0,16.0,13.0,13.0,9.0,10.0,8.0,9.0,15.0,16.0,15.0,7.0,14.0,10.0,17.0,18.0,13.0,6.0,12.0,14.0,4.0,4.0,6.0,12.0,18.0,9.0,9.0,18.0,9.0,12.0,17.0,4.0,14.0,23.0,6.0,20.0,15.0,26.0,26.0,75.0,105.0,84.0,216.0,438.0,600.0,468.0,811.0,811.0,519.0,918.0,767.0,593.0,870.0,497.0,775.0,756.0,402.0,894.0,886.0,525.0,943.0,825.0,659.0,874.0,594.0,784.0,1026.0,564.0,890.0,984.0,475.0,1002.0,927.0,382.0,353.0,119.0,283.0,429.0,366.0,1056.0,908.0,662.0,1158.0,912.0,592.0,1213.0,870.0,646.0,1118.0,753.0,818.0,926.0,700.0,754.0,703.0,307.0,694.0,636.0,234.0,691.0,375.0,574.0,624.0,137.0,726.0,603.0,185.0,654.0,381.0,639.0,815.0,198.0,728.0,505.0,549.0,771.0,178.0,694.0,480.0,555.0,805.0,226.0,751.0,398.0,591.0,803.0,229.0,689.0,261.0,642.0,704.0,184.0,639.0,181.0,636.0,530.0,323.0,660.0,159.0,626.0,312.0,561.0,661.0,170.0,625.0,166.0,620.0,495.0,327.0,606.0,139.0,435.0,89.0,454.0,325.0,262.0,309.0,89.0,345.0,180.0,363.0,139.0,249.0,284.0,148.0,183.0,99.0,177.0,172.0,53.0,87.0,77.0,76.0,39.0,13.0,30.0,10.0,19.0,8.0,13.0,12.0,13.0,13.0,15.0,13.0,15.0,20.0
33.0,31.0,14.0,25.0,10.0,20.0,10.0,19.0,17.0,12.0,12.0,5.0,9.0,11.0,8.0,11.0,10.0,20.0,14.0,5.0,2.0,16.0,8.0,14.0,11.0,9.0,10.0,25.0,15.0,12.0,22.0,18.0,17.0,17.0,16.0,9.0,13.0,12.0,21.0,36.0,83.0,73.0,12.0,49.0,48.0,19.0,19.0,19.0,25.0,23.0,68.0,26.0,62.0,65.0,146.0,233.0,410.0,1146.0,983.0,960.0,889.0,1110.0,1103.0,868.0,1138.0,984.0,947.0,1182.0,849.0,806.0,1011.0,534.0,1141.0,1003.0,545.0,947.0,863.0,580.0,850.0,876.0,659.0,1025.0,785.0,871.0,1020.0,693.0,773.0,461.0,275.0,735.0,874.0,708.0,1011.0,757.0,935.0,826.0,564.0,886.0,809.0,590.0,859.0,722.0,727.0,722.0,356.0,783.0,654.0,128.0,702.0,299.0,727.0,714.0,134.0,716.0,533.0,488.0,761.0,162.0,765.0,872.0,343.0,795.0,450.0,662.0,881.0,260.0,745.0,581.0,568.0,814.0,297.0,740.0,610.0,571.0,889.0,308.0,800.0,491.0,621.0,853.0,253.0,752.0,357.0,676.0,816.0,239.0,730.0,265.0,719.0,780.0,258.0,764.0,251.0,710.0,597.0,428.0,787.0,234.0,690.0,391.0,550.0,583.0,124.0,495.0,139.0,527.0,424.0,259.0,386.0,178.0,501.0,311.0,302.0,250.0,366.0,326.0,82.0,195.0,146.0,107.0,76.0,39.0,43.0,35.0,17.0,31.0,15.0,33.0,14.0,15.0,13.0,18.0,25.0,20.0,24.0,6.0,15.0,7.0,9.0,14.0
15.0,5.0,16.0,12.0,24.0,38.0,20.0,60.0,31.0,46.0,46.0,66.0,98.0,64.0,109.0,76.0,127.0,82.0,93.0,82.0,75.0,56.0,55.0,47.0,29.0,28.0,35.0,30.0,61.0,24.0,32.0,12.0,32.0,32.0,45.0,137.0,211.0,625.0,758.0,964.0,800.0,903.0,943.0,803.0,1362.0,1084.0,848.0,1362.0,1128.0,1012.0,1281.0,1197.0,1114.0,1346.0,1125.0,865.0,1114.0,1111.0,833.0,1064.0,1017.0,750.0,958.0,1120.0,664.0,1139.0,1094.0,629.0,1025.0,982.0,903.0,1059.0,284.0,430.0,354.0,242.0,811.0,836.0,667.0,1090.0,898.0,821.0,848.0,688.0,1013.0,955.0,546.0,933.0,815.0,510.0,959.0,598.0,408.0,668.0,160.0,712.0,613.0,246.0,664.0,198.0,709.0,563.0,138.0,709.0,463.0,527.0,694.0,132.0,710.0,580.0,384.0,743.0,128.0,657.0,594.0,315.0,705.0,174.0,640.0,474.0,413.0,711.0,133.0,631.0,382.0,499.0,634.0,106.0,587.0,314.0,540.0,601.0,92.0,578.0,277.0,554.0,604.0,97.0,572.0,267.0,577.0,604.0,69.0,571.0,321.0,515.0,413.0,46.0,375.0,228.0,445.0,229.0,184.0,379.0,248.0,265.0,148.0,254.0,195.0,55.0,85.0,137.0,72.0,46.0,18.0,35.0,16.0,17.0,26.0,10.0,11.0,15.0,13.0,11.0,15.0,35.0,8.0,20.0,16.0,19.0,16.0,12.0,11.0,10.0,20.0,17.0,18.0,17.0,16.0,16.0,15.0,12.0,14.0,11.0,36.0,16.0,12.0,13.0,20.0,15.0
9.0,17.0,1409.0,5.0,24.0,12.0,29.0,13.0,6.0,17.0,18.0,10.0,14.0,9.0,18.0,24.0,23.0,18.0,10.0,17.0,15.0,9.0,14.0,14.0,13.0,15.0,19.0,13.0,17.0,18.0,16.0,21.0,30.0,34.0,24.0,25.0,22.0,12.0,13.0,16.0,14.0,15.0,19.0,17.0,13.0,21.0,23.0,29.0,26.0,37.0,30.0,56.0,67.0,173.0,170.0,358.0,1013.0,997.0,671.0,1300.0,1013.0,997.0,1344.0,955.0,1084.0,1135.0,831.0,1395.0,1069.0,841.0,1202.0,1008.0,729.0,1093.0,1036.0,807.0,913.0,904.0,723.0,1222.0,827.0,870.0,1123.0,756.0,1226.0,895.0,284.0,195.0,115.0,165.0,228.0,184.0,691.0,767.0,843.0,1191.0,781.0,640.0,989.0,809.0,708.0,841.0,483.0,888.0,820.0,374.0,786.0,440.0,387.0,667.0,107.0,658.0,479.0,474.0,646.0,119.0,708.0,508.0,341.0,708.0,193.0,737.0,804.0,220.0,778.0,208.0,679.0,604.0,377.0,785.0,258.0,684.0,435.0,520.0,765.0,200.0,672.0,277.0,639.0,702.0,167.0,642.0,167.0,641.0,612.0,225.0,663.0,137.0,679.0,522.0,336.0,671.0,144.0,606.0,404.0,482.0,614.0,115.0,537.0,167.0,537.0,377.0,171.0,360.0,208.0,436.0,272.0,237.0,291.0,273.0,224.0,51.0,161.0,132.0,45.0,74.0,12.0,46.0,24.0,14.0,22.0,14.0,18.0,11.0,10.0,35.0,14.0,10.0,14.0,13.0,16.0,24.0,58.0,10.0,11.0,12.0,12.0,9.0,19.0,15.0
13.0,20.0,31.0,26.0,14.0,20.0,25.0,14.0,6.0,19.0,38.0,27.0,21.0,16.0,31.0,17.0,12.0,6.0,8.0,14.0,41.0,11.0,20.0,18.0,15.0,14.0,19.0,14.0,11.0,17.0,22.0,10.0,12.0,17.0,16.0,12.0,18.0,22.0,21.0,13.0,13.0,21.0,42.0,18.0,36.0,43.0,15.0,21.0,28.0,15.0,40.0,18.0,25.0,51.0,38.0,131.0,105.0,203.0,1090.0,991.0,855.0,1271.0,1102.0,749.0,1107.0,939.0,920.0,1101.0,920.0,759.0,1056.0,660.0,1068.0,1031.0,559.0,997.0,849.0,539.0,1108.0,947.0,629.0,976.0,851.0,691.0,931.0,603.0,470.0,178.0,112.0,199.0,282.0,893.0,950.0,646.0,1170.0,942.0,619.0,1201.0,813.0,762.0,1113.0,735.0,810.0,684.0,409.0,821.0,619.0,165.0,637.0,341.0,596.0,607.0,132.0,633.0,505.0,335.0,633.0,270.0,676.0,753.0,220.0,617.0,329.0,632.0,775.0,205.0,682.0,324.0,587.0,767.0,196.0,708.0,281.0,658.0,718.0,164.0,647.0,204.0,620.0,662.0,146.0,601.0,141.0,597.0,530.0,190.0,570.0,106.0,546.0,462.0,282.0,537.0,105.0,512.0,409.0,365.0,502.0,69.0,391.0,208.0,439.0,289.0,151.0,332.0,205.0,393.0,113.0,241.0,286.0,143.0,149.0,85.0,141.0,97.0,32.0,31.0,19.0,24.0,14.0,19.0,23.0,17.0,10.0,15.0,19.0,13.0,15.0,17.0,13.0,15.0,8.0,7.0,19.0,17.0,31.0,19.0,23.0,26.0,16.0,14.0
9.0,11.0,21.0,15.0,13.0,12.0,27.0,14.0,20.0,31.0,9.0,20.0,4.0,9.0,17.0,9.0,9.0,11.0,19.0,4.0,16.0,15.0,12.0,21.0,29.0,12.0,14.0,9.0,10.0,28.0,12.0,8.0,27.0,11.0,9.0,12.0,8.0,27.0,18.0,12.0,15.0,20.0,21.0,14.0,24.0,39.0,41.0,82.0,125.0,178.0,555.0,820.0,821.0,1061.0,923.0,720.0,1315.0,784.0,830.0,1193.0,940.0,994.0,1109.0,913.0,1328.0,967.0,820.0,1050.0,1000.0,826.0,936.0,811.0,763.0,915.0,779.0,936.0,1078.0,578.0,1104.0,784.0,680.0,334.0,153.0,193.0,246.0,156.0,466.0,695.0,594.0,930.0,838.0,671.0,939.0,579.0,919.0,935.0,462.0,940.0,692.0,483.0,780.0,497.0,576.0,613.0,166.0,599.0,392.0,484.0,631.0,110.0,685.0,363.0,501.0,620.0,100.0,685.0,637.0,303.0,715.0,166.0,674.0,780.0,235.0,706.0,260.0,669.0,686.0,285.0,731.0,215.0,655.0,553.0,375.0,677.0,195.0,594.0,339.0,498.0,639.0,186.0,589.0,242.0,595.0,665.0,181.0,625.0,199.0,621.0,588.0,241.0,609.0,156.0,555.0,497.0,317.0,544.0,108.0,319.0,223.0,402.0,262.0,189.0,344.0,270.0,283.0,114.0,272.0,256.0,84.0,140.0,151.0,117.0,126.0,30.0,67.0,51.0,42.0,25.0,14.0,29.0,13.0,18.0,18.0,8.0,12.0,14.0,14.0,14.0,9.0,14.0,20.0,12.0,11.0,16.0,15.0,16.0,14.0,9.0,29.0,14.0
17.0,17.0,14.0,6.0,18.0,8.0,8.0,30.0,13.0,12.0,11.0,15.0,8.0,9.0,12.0,15.0,12.0,16.0,14.0,16.0,19.0,15.0,12.0,13.0,4.0,20.0,15.0,19.0,14.0,12.0,9.0,11.0,28.0,27.0,18.0,44.0,56.0,22.0,23.0,30.0,16.0,13.0,13.0,17.0,54.0,44.0,28.0,35.0,105.0,114.0,284.0,536.0,428.0,792.0,755.0,383.0,807.0,729.0,612.0,827.0,709.0,923.0,877.0,706.0,1013.0,963.0,730.0,1085.0,921.0,684.0,1066.0,889.0,614.0,978.0,857.0,554.0,1027.0,870.0,467.0,975.0,866.0,491.0,954.0,981.0,651.0,850.0,178.0,116.0,130.0,150.0,459.0,683.0,660.0,1177.0,979.0,745.0,1112.0,759.0,588.0,1179.0,852.0,622.0,1163.0,788.0,556.0,885.0,664.0,489.0,526.0,111.0,684.0,591.0,162.0,664.0,343.0,572.0,594.0,105.0,648.0,677.0,244.0,686.0,249.0,722.0,743.0,163.0,668.0,323.0,601.0,711.0,155.0,677.0,407.0,506.0,728.0,173.0,690.0,379.0,539.0,679.0,173.0,622.0,287.0,562.0,633.0,140.0,574.0,195.0,624.0,605.0,166.0,594.0,145.0,583.0,501.0,325.0,609.0,139.0,552.0,307.0,496.0,561.0,111.0,323.0,116.0,447.0,310.0,330.0,236.0,216.0,356.0,216.0,282.0,82.0,208.0,234.0,94.0,134.0,64.0,121.0,88.0,27.0,43.0,18.0,15.0,19.0,20.0,15.0,11.0,16.0,25.0,27.0,21.0,24.0,10.0,20.0,9.0,26.0,23.0,13.0
12.0,6.0,17.0,12.0,10.0,19.0,13.0,11.0,11.0,21.0,21.0,28.0,11.0,8.0,21.0,5.0,7.0,21.0,8.0,9.0,18.0,12.0,17.0,11.0,9.0,25.0,21.0,15.0,8.0,31.0,17.0,15.0,7.0,12.0,16.0,63.0,43.0,15.0,16.0,13.0,26.0,20.0,10.0,19.0,16.0,29.0,16.0,12.0,17.0,15.0,62.0,41.0,144.0,169.0,454.0,669.0,595.0,926.0,810.0,769.0,1015.0,804.0,1069.0,988.0,806.0,1136.0,946.0,865.0,1262.0,1072.0,840.0,1105.0,920.0,763.0,930.0,807.0,760.0,1033.0,897.0,691.0,1032.0,801.0,1057.0,942.0,325.0,355.0,210.0,308.0,683.0,722.0,889.0,799.0,739.0,872.0,998.0,594.0,973.0,980.0,540.0,895.0,855.0,405.0,855.0,700.0,414.0,675.0,349.0,597.0,623.0,172.0,715.0,542.0,349.0,630.0,189.0,685.0,542.0,224.0,615.0,432.0,484.0,732.0,127.0,646.0,445.0,459.0,727.0,151.0,702.0,375.0,565.0,770.0,226.0,685.0,314.0,613.0,707.0,165.0,618.0,167.0,591.0,496.0,308.0,589.0,128.0,579.0,317.0,489.0,605.0,108.0,581.0,228.0,581.0,629.0,149.0,577.0,149.0,530.0,382.0,390.0,479.0,97.0,408.0,124.0,408.0,291.0,275.0,225.0,225.0,368.0,188.0,283.0,99.0,197.0,238.0,107.0,175.0,64.0,92.0,88.0,28.0,45.0,15.0,30.0,17.0,22.0,25.0,11.0,26.0,13.0,9.0,9.0,24.0,10.0,8.0,20.0,17.0,16.0,12.0,13.0
10.0,12.0,10.0,14.0,11.0,25.0,20.0,13.0,12.0,19.0,32.0,6.0,22.0,7.0,9.0,12.0,15.0,13.0,25.0,26.0,14.0,11.0,12.0,34.0,15.0,27.0,28.0,11.0,29.0,17.0,19.0,13.0,14.0,47.0,22.0,18.0,14.0,19.0,11.0,16.0,13.0,15.0,14.0,16.0,18.0,7.0,18.0,16.0,15.0,8.0,14.0,7.0,7.0,3.0,10.0,12.0,16.0,27.0,19.0,25.0,38.0,10.0,21.0,17.0,11.0,51.0,28.0,62.0,45.0,96.0,93.0,170.0,717.0,929.0,869.0,1260.0,1072.0,873.0,1375.0,985.0,1058.0,1320.0,981.0,956.0,1237.0,940.0,1172.0,1145.0,747.0,1320.0,1065.0,734.0,983.0,1000.0,736.0,931.0,803.0,907.0,1027.0,694.0,1255.0,1036.0,682.0,1407.0,1068.0,648.0,887.0,660.0,722.0,1119.0,781.0,956.0,899.0,691.0,1060.0,865.0,750.0,1100.0,797.0,542.0,931.0,736.0,770.0,782.0,346.0,855.0,693.0,245.0,689.0,337.0,749.0,708.0,127.0,751.0,594.0,396.0,696.0,318.0,820.0,883.0,231.0,751.0,392.0,710.0,828.0,234.0,806.0,455.0,686.0,899.0,265.0,813.0,367.0,737.0,791.0,203.0,726.0,210.0,688.0,590.0,311.0,671.0,138.0,605.0,364.0,519.0,632.0,118.0,587.0,216.0,613.0,584.0,148.0,494.0,91.0,516.0,313.0,376.0,247.0,350.0,379.0,84.0,200.0,174.0,148.0,147.0,27.0,59.0,38.0,17.0,32.0,9.0,12.0,19.0,9.0,31.0,17.0,32.0,16.0,27.0
15.0,22.0,22.0,15.0,33.0,34.0,14.0,8.0,15.0,15.0,15.0,11.0,15.0,10.0,11.0,15.0,16.0,9.0,8.0,11.0,22.0,17.0,20.0,12.0,46.0,15.0,15.0,20.0,20.0,28.0,7.0,18.0,34.0,11.0,23.0,21.0,22.0,22.0,16.0,20.0,24.0,12.0,20.0,12.0,9.0,14.0,38.0,21.0,9.0,29.0,12.0,19.0,38.0,27.0,12.0,6.0,16.0,14.0,9.0,20.0,8.0,8.0,20.0,16.0,9.0,36.0,11.0,13.0,17.0,9.0,5.0,10.0,17.0,27.0,24.0,6.0,23.0,23.0,19.0,11.0,16.0,13.0,19.0,10.0,10.0,18.0,7.0,16.0,19.0,8.0,33.0,17.0,14.0,20.0,16.0,17.0,15.0,23.0,11.0,17.0,9.0,11.0,15.0,21.0,15.0,12.0,19.0,12.0,23.0,14.0,7.0,16.0,17.0,13.0,6.0,12.0,26.0,11.0,13.0,16.0,8.0,6.0,13.0,20.0,20.0,22.0,22.0,16.0,15.0,13.0,14.0,23.0,17.0,11.0,16.0,15.0,10.0,19.0,8.0,4.0,18.0,13.0,14.0,36.0,12.0,13.0,16.0,12.0,11.0,6.0,11.0,10.0,32.0,35.0,11.0,13.0,18.0,17.0,16.0,10.0,17.0,7.0,24.0,8.0,7.0,5.0,20.0,17.0,10.0,24.0,13.0,17.0,7.0,15.0,14.0,10.0,25.0,12.0,10.0,23.0,28.0,15.0,15.0,11.0,6.0,9.0,13.0,9.0,27.0,24.0,20.0,12.0,12.0,38.0,23.0,9.0,11.0,25.0,31.0,13.0
9.0,10.0,13.0,11.0,15.0,15.0,13.0,9.0,14.0,5.0,20.0,9.0,8.0,15.0,12.0,13.0,14.0,24.0,14.0,25.0,12.0,10.0,12.0,17.0,17.0,7.0,19.0,14.0,11.0,9.0,10.0,15.0,13.0,10.0,27.0,15.0,21.0,10.0,14.0,7.0,28.0,4.0,17.0,22.0,13.0,24.0,14.0,17.0,9.0,9.0,6.0,31.0,12.0,10.0,31.0,9.0,14.0,20.0,9.0,21.0,21.0,22.0,77.0,76.0,135.0,242.0,979.0,1447.0,1378.0,1138.0,1768.0,1644.0,1650.0,1643.0,1167.0,1600.0,1874.0,1397.0,1387.0,1489.0,1532.0,1306.0,1783.0,1721.0,1667.0,1588.0,1161.0,1431.0,1473.0,1253.0,985.0,526.0,1752.0,236.0,1576.0,1630.0,12.0,12.0,101.0,192.0,189.0,208.0,384.0,584.0,437.0,464.0,351.0,304.0,177.0,232.0,236.0,341.0,201.0,1072.0,892.0,1299.0,1275.0,1315.0,1502.0,1258.0,1561.0,1905.0,1372.0,1288.0,1802.0,1375.0,1303.0,1522.0,1188.0,1190.0,1202.0,980.0,1017.0,1214.0,931.0,1305.0,1006.0,1073.0,1128.0,903.0,1283.0,1338.0,1020.0,1475.0,1153.0,1208.0,1415.0,845.0,1065.0,1118.0,680.0,1121.0,940.0,757.0,1088.0,346.0,991.0,503.0,904.0,1016.0,293.0,1042.0,379.0,1058.0,945.0,441.0,1048.0,521.0,921.0,878.0,770.0,1172.0,557.0,1022.0,511.0,767.0,303.0,672.0,310.0,771.0,602.0,460.0,786.0,211.0,643.0,187.0,563.0,137.0,512.0,130.0,493.0,296.0,547.0,374.0,473.0,173.0,309.0,298.0,239.0,345.0
8.0,13.0,19.0,10.0,5.0,18.0,9.0,13.0,14.0,12.0,18.0,12.0,19.0,14.0,12.0,18.0,14.0,15.0,8.0,13.0,8.0,10.0,11.0,16.0,21.0,13.0,18.0,15.0,29.0,10.0,14.0,16.0,20.0,18.0,8.0,19.0,13.0,25.0,10.0,14.0,9.0,8.0,13.0,13.0,12.0,6.0,16.0,20.0,7.0,20.0,12.0,20.0,13.0,15.0,8.0,15.0,9.0,12.0,21.0,13.0,53.0,73.0,83.0,233.0,340.0,681.0,1481.0,1357.0,1309.0,1711.0,1252.0,1483.0,1581.0,1623.0,1179.0,1542.0,1206.0,1138.0,1587.0,1330.0,1157.0,1318.0,1292.0,1122.0,921.0,1091.0,544.0,1319.0,1318.0,933.0,1453.0,1379.0,14.0,10.0,10.0,218.0,240.0,118.0,63.0,129.0,251.0,334.0,188.0,329.0,186.0,137.0,135.0,89.0,55.0,77.0,82.0,152.0,524.0,1356.0,1210.0,912.0,1554.0,999.0,1110.0,1408.0,1098.0,1015.0,1208.0,647.0,1167.0,899.0,901.0,1047.0,728.0,1271.0,910.0,1074.0,1158.0,681.0,1470.0,1151.0,993.0,1191.0,454.0,1012.0,1102.0,540.0,1103.0,491.0,877.0,935.0,497.0,1036.0,292.0,815.0,516.0,726.0,862.0,298.0,904.0,210.0,901.0,293.0,860.0,1019.0,494.0,1019.0,565.0,923.0,534.0,791.0,542.0,695.0,763.0,458.0,629.0,179.0,622.0,148.0,526.0,162.0,452.0,89.0,396.0,86.0,452.0,235.0,504.0,334.0,371.0,192.0,267.0,287.0,219.0,302.0,173.0,131.0,60.0,60.0,45.0,56.0,46.0,32.0,20.0,11.0
18.0,25.0,10.0,15.0,11.0,13.0,12.0,9.0,22.0,7.0,36.0,29.0,11.0,15.0,19.0,6.0,16.0,15.0,22.0,4.0,16.0,10.0,9.0,16.0,7.0,13.0,10.0,9.0,6.0,13.0,16.0,19.0,16.0,12.0,16.0,14.0,8.0,25.0,25.0,25.0,15.0,14.0,23.0,18.0,46.0,54.0,23.0,26.0,23.0,77.0,62.0,185.0,357.0,842.0,834.0,1289.0,1375.0,1142.0,1487.0,1243.0,1185.0,1499.0,1569.0,1239.0,1297.0,1093.0,1236.0,1129.0,1425.0,1369.0,1429.0,1053.0,1660.0,1268.0,1030.0,1373.0,1476.0,857.0,984.0,1390.0,1384.0,607.0,243.0,511.0,871.0,500.0,164.0,117.0,128.0,109.0,105.0,200.0,218.0,194.0,136.0,208.0,122.0,122.0,66.0,75.0,106.0,88.0,156.0,448.0,1308.0,1442.0,1025.0,1312.0,1134.0,1089.0,1380.0,1121.0,1387.0,1230.0,877.0,1508.0,1008.0,1128.0,1303.0,982.0,1524.0,1110.0,1412.0,1100.0,828.0,1220.0,1056.0,1298.0,1152.0,1076.0,1084.0,513.0,925.0,572.0,487.0,709.0,295.0,118.0,129.0,203.0,345.0,160.0,127.0,178.0,154.0,179.0,279.0,138.0,80.0,39.0,82.0,42.0,24.0,18.0,16.0,10.0,20.0,15.0,12.0,16.0,22.0,17.0,10.0,16.0,7.0,14.0,19.0,19.0,16.0,12.0,12.0,19.0,20.0,11.0,14.0,10.0,21.0,17.0,14.0,19.0,21.0,18.0,11.0,12.0,11.0,9.0,15.0,14.0,23.0,18.0,44.0,34.0,49.0,59.0,122.0,277.0,409.0,454.0,209.0,180.0
12.0,12.0,8.0,14.0,8.0,10.0,12.0,9.0,13.0,18.0,11.0,10.0,14.0,8.0,12.0,12.0,9.0,6.0,16.0,9.0,18.0,7.0,10.0,24.0,17.0,16.0,18.0,14.0,12.0,18.0,6.0,22.0,15.0,15.0,18.0,12.0,9.0,11.0,8.0,16.0,16.0,20.0,7.0,10.0,7.0,25.0,36.0,34.0,139.0,773.0,470.0,365.0,266.0,336.0,146.0,51.0,34.0,36.0,35.0,88.0,110.0,289.0,773.0,791.0,1176.0,908.0,1380.0,1109.0,1118.0,1234.0,1097.0,1186.0,1289.0,1070.0,1231.0,1368.0,849.0,1372.0,1268.0,1126.0,1209.0,1267.0,932.0,1637.0,977.0,1774.0,15.0,59.0,136.0,151.0,220.0,42.0,60.0,270.0,399.0,431.0,278.0,114.0,57.0,45.0,60.0,69.0,52.0,88.0,634.0,1192.0,972.0,1445.0,1060.0,806.0,1124.0,721.0,512.0,1035.0,200.0,944.0,798.0,455.0,896.0,214.0,870.0,753.0,501.0,916.0,442.0,935.0,690.0,715.0,1090.0,484.0,931.0,392.0,740.0,519.0,744.0,932.0,335.0,911.0,357.0,728.0,317.0,729.0,662.0,588.0,943.0,295.0,763.0,198.0,713.0,501.0,667.0,847.0,289.0,828.0,336.0,659.0,305.0,639.0,328.0,560.0,345.0,514.0,200.0,499.0,246.0,491.0,363.0,339.0,399.0,145.0,274.0,205.0,311.0,228.0,257.0,65.0,62.0,28.0,50.0,17.0,20.0,24.0,24.0,24.0,11.0,52.0,41.0,16.0,7.0,12.0,19.0,7.0,20.0,17.0,26.0,21.0,15.0,16.0,10.0,12.0
8.0,8.0,13.0,4.0,15.0,8.0,17.0,13.0,13.0,13.0,14.0,11.0,16.0,19.0,6.0,8.0,13.0,13.0,8.0,7.0,18.0,15.0,5.0,15.0,12.0,11.0,11.0,17.0,12.0,14.0,14.0,5.0,14.0,14.0,7.0,18.0,18.0,17.0,6.0,17.0,21.0,23.0,27.0,36.0,21.0,34.0,9.0,38.0,12.0,36.0,18.0,64.0,86.0,205.0,689.0,1138.0,1107.0,1146.0,1132.0,1045.0,1145.0,1308.0,1218.0,1112.0,1459.0,1334.0,801.0,1381.0,1281.0,1053.0,1213.0,1329.0,899.0,1374.0,1362.0,1170.0,1059.0,1117.0,515.0,412.0,12.0,39.0,346.0,120.0,151.0,148.0,416.0,269.0,284.0,171.0,132.0,111.0,175.0,115.0,58.0,69.0,180.0,795.0,1002.0,1256.0,1290.0,1130.0,874.0,1078.0,1157.0,787.0,1041.0,647.0,409.0,632.0,223.0,813.0,686.0,297.0,1025.0,244.0,883.0,750.0,375.0,912.0,150.0,869.0,873.0,435.0,937.0,453.0,899.0,559.0,808.0,1077.0,438.0,851.0,413.0,771.0,585.0,687.0,1020.0,320.0,836.0,413.0,706.0,421.0,698.0,535.0,626.0,848.0,267.0,863.0,327.0,773.0,335.0,705.0,395.0,685.0,581.0,546.0,886.0,312.0,812.0,308.0,682.0,323.0,612.0,320.0,507.0,243.0,263.0,122.0,365.0,107.0,381.0,142.0,407.0,279.0,381.0,293.0,238.0,265.0,310.0,333.0,86.0,119.0,96.0,68.0,45.0,28.0,26.0,32.0,6.0,22.0,9.0,6.0,15.0,15.0,15.0,70.0,25.0,41.0,28.0,14.0
15.0,17.0,17.0,10.0,13.0,20.0,10.0,13.0,16.0,16.0,14.0,30.0,15.0,16.0,14.0,16.0,6.0,8.0,21.0,14.0,15.0,10.0,8.0,19.0,12.0,20.0,18.0,21.0,22.0,10.0,13.0,4.0,11.0,10.0,28.0,21.0,7.0,14.0,26.0,21.0,11.0,20.0,14.0,21.0,46.0,56.0,122.0,82.0,59.0,66.0,120.0,191.0,568.0,834.0,862.0,1011.0,998.0,1083.0,1173.0,947.0,1356.0,1014.0,783.0,1341.0,1325.0,654.0,1125.0,1244.0,770.0,1066.0,1204.0,736.0,994.0,1146.0,809.0,299.0,184.0,135.0,220.0,188.0,136.0,51.0,60.0,65.0,138.0,237.0,145.0,153.0,161.0,108.0,54.0,76.0,65.0,135.0,297.0,1297.0,1102.0,827.0,1253.0,1112.0,637.0,825.0,603.0,623.0,953.0,165.0,946.0,899.0,200.0,886.0,249.0,986.0,925.0,212.0,858.0,590.0,797.0,981.0,334.0,852.0,481.0,789.0,1048.0,486.0,889.0,439.0,871.0,682.0,584.0,966.0,351.0,817.0,387.0,709.0,368.0,720.0,464.0,638.0,844.0,304.0,816.0,307.0,654.0,324.0,686.0,427.0,672.0,620.0,409.0,852.0,234.0,636.0,255.0,315.0,166.0,411.0,117.0,374.0,88.0,366.0,180.0,434.0,217.0,297.0,152.0,242.0,243.0,91.0,80.0,35.0,57.0,16.0,16.0,30.0,18.0,36.0,48.0,15.0,19.0,16.0,14.0,46.0,83.0,38.0,30.0,32.0,93.0,108.0,29.0,43.0,28.0,48.0,56.0,51.0,31.0,37.0,30.0,9.0,10.0,90.0
23.0,8.0,16.0,11.0,17.0,15.0,14.0,27.0,7.0,15.0,11.0,15.0,18.0,11.0,15.0,10.0,10.0,20.0,25.0,16.0,17.0,10.0,14.0,12.0,17.0,35.0,14.0,30.0,28.0,22.0,13.0,14.0,8.0,29.0,46.0,25.0,15.0,47.0,88.0,151.0,481.0,922.0,890.0,1311.0,1038.0,1242.0,1368.0,996.0,1475.0,1118.0,913.0,1296.0,1248.0,1135.0,1003.0,966.0,1151.0,1049.0,807.0,1509.0,1176.0,779.0,1087.0,122.0,448.0,297.0,405.0,133.0,56.0,72.0,141.0,131.0,147.0,222.0,428.0,372.0,190.0,111.0,67.0,79.0,60.0,70.0,382.0,790.0,1384.0,1079.0,738.0,1272.0,937.0,605.0,679.0,382.0,779.0,882.0,122.0,906.0,839.0,204.0,886.0,163.0,978.0,836.0,231.0,840.0,576.0,694.0,1025.0,373.0,880.0,576.0,666.0,966.0,333.0,915.0,487.0,806.0,979.0,365.0,817.0,302.0,787.0,596.0,615.0,912.0,375.0,774.0,282.0,768.0,504.0,672.0,852.0,292.0,799.0,340.0,734.0,326.0,728.0,504.0,617.0,835.0,271.0,696.0,287.0,498.0,130.0,545.0,209.0,567.0,324.0,477.0,502.0,184.0,457.0,52.0,426.0,152.0,481.0,308.0,357.0,72.0,232.0,104.0,39.0,20.0,30.0,12.0,13.0,25.0,21.0,13.0,18.0,34.0,50.0,46.0,23.0,23.0,16.0,6.0,9.0,31.0,54.0,13.0,41.0,25.0,21.0,14.0,23.0,18.0,28.0,6.0,51.0,71.0,36.0,23.0,58.0,31.0,19.0,10.0,60.0,44.0
14.0,26.0,26.0,25.0,43.0,17.0,13.0,16.0,15.0,14.0,24.0,23.0,25.0,15.0,18.0,35.0,26.0,12.0,15.0,3.0,19.0,22.0,18.0,6.0,19.0,24.0,23.0,32.0,21.0,10.0,11.0,13.0,8.0,18.0,19.0,34.0,8.0,20.0,14.0,27.0,15.0,17.0,19.0,38.0,58.0,89.0,193.0,363.0,668.0,1149.0,1168.0,1027.0,1111.0,1087.0,1095.0,1296.0,1031.0,997.0,1345.0,1339.0,785.0,1442.0,1110.0,1181.0,1348.0,1136.0,1185.0,1293.0,729.0,1448.0,1021.0,574.0,577.0,83.0,135.0,107.0,61.0,79.0,72.0,101.0,99.0,269.0,201.0,398.0,199.0,243.0,92.0,108.0,87.0,137.0,78.0,106.0,122.0,305.0,852.0,1336.0,1233.0,917.0,1333.0,1010.0,910.0,780.0,352.0,913.0,908.0,304.0,980.0,251.0,1032.0,840.0,475.0,1026.0,261.0,934.0,662.0,725.0,1157.0,572.0,953.0,554.0,904.0,978.0,633.0,1095.0,506.0,954.0,468.0,848.0,728.0,564.0,1086.0,411.0,931.0,418.0,778.0,435.0,790.0,713.0,563.0,995.0,404.0,871.0,433.0,808.0,469.0,849.0,705.0,536.0,1095.0,328.0,893.0,391.0,750.0,295.0,596.0,198.0,625.0,266.0,617.0,470.0,472.0,553.0,170.0,380.0,353.0,536.0,245.0,283.0,117.0,168.0,104.0,93.0,67.0,40.0,13.0,22.0,56.0,29.0,21.0,30.0,16.0,11.0,12.0,30.0,15.0,48.0,17.0,28.0,26.0,32.0,34.0,23.0,33.0,22.0,30.0,47.0,35.0,15.0,7.0,9.0
17.0,24.0,17.0,17.0,7.0,14.0,8.0,30.0,45.0,16.0,18.0,14.0,16.0,12.0,24.0,45.0,13.0,11.0,9.0,22.0,16.0,32.0,37.0,27.0,20.0,38.0,30.0,14.0,14.0,15.0,15.0,17.0,14.0,15.0,12.0,20.0,19.0,13.0,18.0,13.0,11.0,13.0,17.0,20.0,34.0,56.0,67.0,165.0,132.0,327.0,678.0,738.0,689.0,1054.0,1023.0,689.0,1420.0,806.0,1105.0,1220.0,989.0,1484.0,1052.0,934.0,1355.0,1138.0,977.0,1184.0,1040.0,891.0,1216.0,865.0,1274.0,1063.0,743.0,1078.0,874.0,695.0,456.0,245.0,94.0,81.0,50.0,42.0,58.0,72.0,139.0,266.0,236.0,289.0,185.0,159.0,112.0,57.0,89.0,88.0,72.0,239.0,1059.0,1185.0,943.0,1254.0,996.0,773.0,1035.0,764.0,472.0,842.0,214.0,973.0,817.0,142.0,888.0,593.0,655.0,857.0,126.0,905.0,832.0,326.0,923.0,239.0,993.0,1027.0,380.0,981.0,280.0,857.0,854.0,439.0,1048.0,381.0,863.0,378.0,837.0,656.0,560.0,876.0,270.0,747.0,233.0,816.0,793.0,356.0,897.0,232.0,862.0,609.0,587.0,942.0,284.0,789.0,244.0,727.0,435.0,658.0,405.0,456.0,578.0,139.0,479.0,64.0,482.0,202.0,498.0,373.0,350.0,275.0,204.0,326.0,259.0,291.0,78.0,78.0,45.0,49.0,10.0,28.0,27.0,15.0,28.0,17.0,35.0,42.0,20.0,31.0,22.0,53.0,28.0,11.0,31.0,36.0,37.0,11.0,12.0,27.0,12.0,8.0,21.0,15.0
11.0,15.0,16.0,24.0,19.0,12.0,34.0,12.0,14.0,30.0,22.0,14.0,30.0,20.0,17.0,12.0,9.0,16.0,32.0,25.0,11.0,32.0,32.0,20.0,26.0,20.0,29.0,16.0,10.0,10.0,20.0,20.0,32.0,17.0,31.0,30.0,13.0,42.0,16.0,31.0,6.0,13.0,18.0,27.0,14.0,31.0,91.0,195.0,807.0,880.0,1001.0,793.0,1341.0,1110.0,972.0,1510.0,1131.0,1369.0,1420.0,1173.0,1236.0,1264.0,1320.0,943.0,1027.0,1210.0,989.0,1157.0,1414.0,1090.0,1228.0,1229.0,1015.0,1368.0,1153.0,393.0,210.0,190.0,151.0,114.0,106.0,79.0,135.0,141.0,258.0,266.0,219.0,201.0,154.0,69.0,70.0,78.0,137.0,127.0,136.0,381.0,1355.0,1170.0,842.0,1120.0,1024.0,566.0,932.0,799.0,175.0,840.0,384.0,838.0,872.0,247.0,908.0,303.0,884.0,890.0,320.0,837.0,372.0,933.0,904.0,686.0,1099.0,545.0,967.0,446.0,799.0,588.0,614.0,1016.0,339.0,878.0,379.0,739.0,389.0,709.0,575.0,519.0,835.0,307.0,803.0,336.0,722.0,345.0,765.0,518.0,611.0,863.0,261.0,840.0,338.0,694.0,359.0,604.0,304.0,287.0,216.0,553.0,444.0,417.0,428.0,141.0,421.0,333.0,578.0,209.0,311.0,375.0,285.0,324.0,121.0,168.0,223.0,140.0,94.0,74.0,44.0,39.0,28.0,42.0,26.0,24.0,35.0,42.0,14.0,25.0,17.0,16.0,21.0,25.0,48.0,37.0,20.0,91.0,24.0,52.0,58.0,120.0,33.0,108.0,50.0,16.0
14.0,11.0,11.0,25.0,11.0,21.0,16.0,6.0,12.0,11.0,31.0,15.0,17.0,18.0,15.0,24.0,13.0,24.0,15.0,26.0,29.0,17.0,22.0,23.0,14.0,28.0,32.0,14.0,37.0,36.0,11.0,14.0,10.0,12.0,18.0,15.0,43.0,31.0,22.0,22.0,17.0,22.0,31.0,41.0,64.0,82.0,151.0,195.0,658.0,1099.0,1337.0,1175.0,922.0,1339.0,1287.0,894.0,1277.0,1242.0,806.0,1308.0,1305.0,810.0,1145.0,1169.0,977.0,1184.0,1200.0,784.0,1173.0,1195.0,1049.0,478.0,205.0,81.0,76.0,63.0,52.0,79.0,53.0,104.0,89.0,172.0,158.0,204.0,132.0,139.0,91.0,74.0,86.0,88.0,65.0,97.0,259.0,1321.0,1122.0,1022.0,1042.0,935.0,363.0,859.0,748.0,382.0,918.0,272.0,982.0,824.0,240.0,934.0,232.0,970.0,992.0,446.0,1090.0,291.0,812.0,565.0,791.0,1023.0,450.0,984.0,368.0,910.0,514.0,743.0,1011.0,286.0,875.0,303.0,714.0,298.0,831.0,610.0,552.0,799.0,290.0,690.0,233.0,719.0,598.0,552.0,885.0,307.0,799.0,273.0,759.0,343.0,709.0,387.0,472.0,459.0,417.0,519.0,88.0,445.0,70.0,428.0,254.0,510.0,333.0,370.0,194.0,296.0,359.0,153.0,167.0,89.0,116.0,84.0,73.0,20.0,24.0,21.0,13.0,22.0,12.0,23.0,14.0,17.0,40.0,20.0,25.0,7.0,21.0,29.0,24.0,26.0,18.0,14.0,25.0,15.0,21.0,66.0,8.0,7.0,21.0,26.0,60.0,35.0,47.0,17.0
7.0,8.0,12.0,18.0,9.0,28.0,8.0,14.0,15.0,7.0,8.0,9.0,10.0,21.0,10.0,17.0,10.0,4.0,13.0,15.0,19.0,15.0,6.0,18.0,10.0,2.0,23.0,14.0,11.0,15.0,8.0,11.0,10.0,14.0,8.0,22.0,14.0,23.0,23.0,18.0,17.0,14.0,33.0,16.0,23.0,41.0,48.0,74.0,76.0,178.0,220.0,856.0,1162.0,1320.0,1111.0,1263.0,1502.0,1249.0,1172.0,1521.0,1157.0,1241.0,1335.0,1186.0,1091.0,1012.0,1006.0,1249.0,1217.0,1063.0,918.0,1289.0,948.0,694.0,189.0,115.0,71.0,66.0,87.0,76.0,93.0,141.0,174.0,357.0,444.0,394.0,255.0,169.0,70.0,43.0,89.0,100.0,687.0,981.0,1138.0,999.0,991.0,1084.0,1025.0,416.0,853.0,897.0,135.0,938.0,672.0,621.0,923.0,159.0,880.0,747.0,424.0,908.0,306.0,930.0,1021.0,415.0,905.0,335.0,906.0,884.0,536.0,1057.0,466.0,824.0,482.0,813.0,990.0,316.0,957.0,246.0,828.0,448.0,730.0,925.0,305.0,880.0,331.0,746.0,347.0,788.0,769.0,455.0,929.0,289.0,737.0,250.0,726.0,421.0,740.0,712.0,418.0,567.0,216.0,508.0,37.0,486.0,156.0,580.0,400.0,406.0,264.0,313.0,442.0,256.0,268.0,118.0,142.0,152.0,120.0,95.0,46.0,43.0,24.0,17.0,31.0,12.0,31.0,30.0,51.0,10.0,3.0,23.0,39.0,17.0,21.0,14.0,30.0,37.0,33.0,80.0,178.0,30.0,267.0,334.0,278.0,46.0,140.0,72.0,52.0,163.0
18.0,12.0,15.0,9.0,9.0,9.0,8.0,20.0,6.0,5.0,12.0,10.0,14.0,8.0,15.0,13.0,15.0,12.0,21.0,22.0,15.0,11.0,12.0,32.0,16.0,8.0,5.0,15.0,8.0,19.0,16.0,14.0,14.0,45.0,18.0,14.0,69.0,53.0,16.0,32.0,15.0,25.0,41.0,26.0,92.0,140.0,214.0,543.0,860.0,801.0,1536.0,1035.0,1131.0,1509.0,1302.0,1281.0,1341.0,1084.0,1480.0,1209.0,834.0,1515.0,1161.0,1006.0,1388.0,1071.0,992.0,1192.0,1019.0,917.0,1147.0,766.0,771.0,153.0,177.0,75.0,83.0,62.0,60.0,48.0,98.0,163.0,367.0,304.0,251.0,218.0,115.0,74.0,69.0,81.0,108.0,298.0,963.0,1309.0,1047.0,1046.0,1094.0,746.0,1066.0,542.0,978.0,885.0,316.0,1007.0,556.0,859.0,914.0,135.0,972.0,679.0,733.0,1036.0,399.0,963.0,939.0,522.0,1124.0,478.0,944.0,619.0,814.0,1129.0,535.0,988.0,447.0,894.0,586.0,814.0,1122.0,307.0,1007.0,367.0,883.0,416.0,941.0,871.0,540.0,1018.0,356.0,926.0,337.0,837.0,667.0,710.0,1032.0,344.0,913.0,328.0,780.0,248.0,525.0,360.0,641.0,596.0,328.0,509.0,54.0,505.0,184.0,592.0,409.0,472.0,338.0,299.0,470.0,312.0,307.0,101.0,170.0,150.0,87.0,80.0,19.0,42.0,63.0,245.0,83.0,27.0,96.0,126.0,59.0,164.0,66.0,69.0,301.0,289.0,181.0,129.0,427.0,178.0,161.0,130.0,630.0,164.0,285.0,359.0,45.0,155.0,141.0,51.0
21.0,10.0,14.0,13.0,15.0,21.0,19.0,30.0,18.0,14.0,11.0,17.0,11.0,14.0,6.0,10.0,23.0,15.0,6.0,17.0,13.0,8.0,9.0,10.0,9.0,9.0,9.0,9.0,12.0,11.0,4.0,11.0,37.0,56.0,14.0,11.0,16.0,16.0,26.0,17.0,10.0,13.0,11.0,25.0,17.0,7.0,13.0,77.0,73.0,297.0,501.0,1258.0,1114.0,1180.0,956.0,1513.0,1311.0,1087.0,1329.0,1379.0,1428.0,1650.0,1357.0,1195.0,1541.0,1311.0,940.0,1448.0,1273.0,1238.0,1149.0,1277.0,1062.0,1108.0,901.0,1193.0,921.0,291.0,303.0,117.0,131.0,75.0,94.0,105.0,145.0,142.0,320.0,355.0,314.0,361.0,130.0,141.0,77.0,113.0,74.0,181.0,1017.0,1197.0,1056.0,1386.0,1181.0,1089.0,1046.0,681.0,584.0,975.0,139.0,967.0,854.0,388.0,1013.0,212.0,973.0,853.0,413.0,973.0,282.0,934.0,1057.0,436.0,1039.0,505.0,926.0,784.0,764.0,1086.0,410.0,970.0,439.0,823.0,507.0,859.0,913.0,424.0,1009.0,444.0,824.0,375.0,838.0,556.0,744.0,980.0,367.0,979.0,422.0,819.0,379.0,791.0,471.0,801.0,625.0,552.0,919.0,326.0,767.0,231.0,524.0,109.0,504.0,109.0,526.0,335.0,502.0,421.0,197.0,359.0,383.0,455.0,141.0,243.0,224.0,159.0,153.0,46.0,26.0,37.0,15.0,12.0,35.0,16.0,21.0,45.0,48.0,119.0,35.0,36.0,30.0,15.0,87.0,73.0,25.0,13.0,120.0,152.0,306.0,139.0,100.0,44.0,55.0,58.0
17.0,32.0,18.0,25.0,23.0,10.0,28.0,17.0,29.0,12.0,20.0,20.0,15.0,46.0,8.0,12.0,28.0,13.0,9.0,23.0,19.0,20.0,22.0,28.0,17.0,21.0,18.0,12.0,13.0,12.0,30.0,16.0,19.0,7.0,13.0,26.0,6.0,7.0,4.0,25.0,15.0,20.0,15.0,44.0,27.0,8.0,32.0,34.0,17.0,51.0,62.0,140.0,579.0,900.0,1382.0,1361.0,1150.0,1532.0,1300.0,1185.0,1365.0,1131.0,1063.0,1099.0,1363.0,754.0,1317.0,1237.0,773.0,1401.0,1446.0,1065.0,1119.0,518.0,229.0,97.0,78.0,91.0,69.0,53.0,108.0,75.0,97.0,121.0,152.0,187.0,103.0,204.0,107.0,85.0,85.0,86.0,117.0,134.0,901.0,1241.0,1401.0,1122.0,1079.0,1158.0,739.0,884.0,1000.0,245.0,988.0,807.0,496.0,1046.0,197.0,1011.0,853.0,551.0,1094.0,269.0,961.0,950.0,729.0,1188.0,522.0,1041.0,524.0,807.0,725.0,650.0,977.0,515.0,1013.0,521.0,827.0,415.0,852.0,476.0,809.0,771.0,467.0,1012.0,359.0,859.0,354.0,775.0,326.0,766.0,404.0,750.0,548.0,590.0,764.0,343.0,779.0,246.0,410.0,121.0,462.0,47.0,413.0,152.0,500.0,305.0,406.0,142.0,246.0,296.0,182.0,230.0,122.0,93.0,70.0,53.0,43.0,16.0,14.0,22.0,22.0,15.0,51.0,102.0,67.0,41.0,12.0,14.0,48.0,25.0,11.0,191.0,153.0,164.0,91.0,82.0,146.0,181.0,52.0,108.0,41.0,114.0,130.0,27.0,17.0,25.0,50.0,32.0
16.0,15.0,18.0,24.0,9.0,16.0,32.0,2239.0,43.0,14.0,19.0,12.0,20.0,6.0,11.0,21.0,8.0,14.0,7.0,39.0,29.0,12.0,14.0,12.0,35.0,16.0,29.0,35.0,16.0,13.0,14.0,16.0,53.0,21.0,28.0,38.0,42.0,30.0,15.0,14.0,11.0,41.0,18.0,19.0,28.0,25.0,26.0,63.0,156.0,170.0,1041.0,1395.0,1092.0,1628.0,1553.0,1327.0,1563.0,1436.0,998.0,1401.0,1397.0,882.0,1402.0,1249.0,964.0,1185.0,1263.0,953.0,1227.0,1254.0,1001.0,1176.0,328.0,286.0,101.0,109.0,46.0,55.0,127.0,38.0,105.0,203.0,216.0,217.0,127.0,167.0,111.0,103.0,60.0,76.0,71.0,75.0,276.0,1033.0,1207.0,1097.0,1037.0,976.0,784.0,854.0,316.0,1033.0,900.0,189.0,959.0,770.0,500.0,943.0,244.0,1045.0,924.0,362.0,915.0,642.0,718.0,1074.0,421.0,864.0,551.0,820.0,972.0,423.0,975.0,388.0,939.0,704.0,605.0,1028.0,304.0,870.0,288.0,911.0,848.0,449.0,992.0,307.0,889.0,360.0,909.0,745.0,508.0,916.0,328.0,801.0,273.0,724.0,306.0,730.0,445.0,631.0,392.0,419.0,498.0,181.0,439.0,37.0,394.0,119.0,419.0,288.0,485.0,298.0,327.0,139.0,271.0,317.0,159.0,182.0,76.0,67.0,72.0,64.0,32.0,49.0,15.0,23.0,14.0,25.0,26.0,13.0,15.0,67.0,9.0,16.0,112.0,46.0,40.0,93.0,72.0,107.0,98.0,150.0,113.0,50.0,41.0,105.0,95.0,50.0,103.0,17.0
16.0,25.0,13.0,37.0,34.0,22.0,21.0,19.0,6.0,18.0,16.0,20.0,15.0,8.0,12.0,10.0,13.0,19.0,11.0,11.0,14.0,30.0,27.0,11.0,13.0,28.0,35.0,14.0,16.0,13.0,29.0,10.0,26.0,12.0,16.0,26.0,16.0,14.0,20.0,36.0,39.0,31.0,121.0,99.0,306.0,962.0,1099.0,1295.0,1196.0,1062.0,1595.0,1334.0,1252.0,1629.0,1381.0,1034.0,1436.0,1436.0,929.0,1412.0,1143.0,900.0,1428.0,1251.0,795.0,1458.0,1346.0,711.0,1169.0,201.0,190.0,56.0,136.0,54.0,100.0,113.0,76.0,182.0,225.0,206.0,106.0,93.0,89.0,66.0,64.0,65.0,39.0,43.0,136.0,126.0,526.0,1272.0,1211.0,778.0,1193.0,1188.0,552.0,1027.0,810.0,329.0,919.0,209.0,1002.0,828.0,323.0,932.0,305.0,937.0,1047.0,450.0,994.0,380.0,1078.0,982.0,661.0,1223.0,513.0,1008.0,566.0,914.0,1179.0,464.0,1034.0,327.0,951.0,629.0,823.0,1114.0,392.0,961.0,394.0,943.0,540.0,723.0,939.0,366.0,974.0,378.0,843.0,500.0,785.0,965.0,412.0,1040.0,356.0,735.0,222.0,584.0,155.0,641.0,401.0,611.0,551.0,267.0,474.0,88.0,461.0,383.0,662.0,254.0,322.0,175.0,237.0,284.0,125.0,131.0,44.0,58.0,98.0,99.0,55.0,108.0,553.0,140.0,46.0,50.0,290.0,223.0,148.0,88.0,212.0,182.0,97.0,188.0,286.0,273.0,248.0,110.0,98.0,129.0,135.0,88.0,115.0,256.0,72.0,18.0,58.0,156.0,50.0,116.0
6.0,13.0,25.0,20.0,18.0,39.0,42.0,26.0,16.0,35.0,7.0,18.0,9.0,12.0,11.0,16.0,11.0,14.0,15.0,8.0,22.0,13.0,14.0,27.0,20.0,15.0,14.0,14.0,7.0,14.0,4.0,46.0,15.0,22.0,61.0,16.0,22.0,48.0,32.0,19.0,11.0,25.0,9.0,13.0,44.0,40.0,17.0,52.0,18.0,52.0,23.0,65.0,33.0,46.0,187.0,539.0,1142.0,1159.0,1532.0,1220.0,1060.0,1522.0,1224.0,1288.0,1418.0,1244.0,1164.0,1470.0,1237.0,910.0,1362.0,1327.0,866.0,1308.0,1220.0,1145.0,1343.0,1033.0,1156.0,1126.0,868.0,1329.0,1005.0,314.0,321.0,106.0,107.0,85.0,77.0,61.0,70.0,70.0,44.0,65.0,113.0,64.0,133.0,185.0,171.0,371.0,190.0,196.0,189.0,67.0,64.0,78.0,109.0,777.0,1046.0,585.0,908.0,891.0,172.0,957.0,415.0,849.0,1012.0,315.0,956.0,335.0,998.0,997.0,401.0,1015.0,439.0,985.0,859.0,813.0,1288.0,639.0,964.0,483.0,906.0,862.0,689.0,1137.0,598.0,944.0,505.0,871.0,494.0,876.0,738.0,757.0,1005.0,604.0,1010.0,461.0,906.0,566.0,875.0,1086.0,505.0,921.0,423.0,773.0,438.0,841.0,809.0,495.0,951.0,339.0,629.0,165.0,609.0,202.0,600.0,234.0,605.0,409.0,448.0,554.0,171.0,395.0,216.0,596.0,305.0,386.0,180.0,326.0,332.0,152.0,101.0,62.0,123.0,45.0,19.0,19.0,44.0,33.0,38.0,54.0,108.0,73.0,76.0,69.0,226.0,98.0,161.0,27.0
19.0,17.0,16.0,5.0,6.0,15.0,17.0,18.0,7.0,5.0,12.0,13.0,3.0,10.0,10.0,13.0,12.0,4.0,11.0,29.0,9.0,23.0,13.0,15.0,15.0,15.0,13.0,7.0,12.0,15.0,18.0,27.0,14.0,8.0,26.0,25.0,9.0,17.0,34.0,12.0,10.0,14.0,14.0,19.0,21.0,23.0,22.0,81.0,64.0,165.0,262.0,757.0,1089.0,1437.0,1030.0,1271.0,1500.0,1390.0,1138.0,1385.0,1201.0,1163.0,1418.0,925.0,1331.0,1234.0,806.0,1508.0,1334.0,928.0,1038.0,297.0,159.0,192.0,113.0,104.0,65.0,58.0,114.0,87.0,152.0,373.0,361.0,216.0,226.0,128.0,129.0,154.0,117.0,95.0,121.0,849.0,985.0,1490.0,1115.0,934.0,1236.0,829.0,875.0,864.0,237.0,1066.0,925.0,261.0,922.0,468.0,910.0,926.0,141.0,1091.0,860.0,447.0,901.0,344.0,929.0,922.0,374.0,1032.0,461.0,971.0,607.0,799.0,1177.0,336.0,906.0,235.0,809.0,684.0,643.0,1015.0,316.0,863.0,293.0,862.0,742.0,570.0,1040.0,275.0,876.0,293.0,743.0,418.0,760.0,801.0,384.0,851.0,336.0,759.0,232.0,444.0,113.0,510.0,131.0,560.0,326.0,524.0,491.0,258.0,357.0,255.0,513.0,336.0,453.0,162.0,317.0,306.0,129.0,87.0,53.0,59.0,74.0,51.0,33.0,66.0,20.0,135.0,51.0,82.0,103.0,65.0,26.0,66.0,32.0,15.0,137.0,27.0,101.0,52.0,64.0,57.0,15.0,31.0,85.0,42.0,44.0,64.0,16.0,22.0,20.0,17.0
52.0,50.0,25.0,30.0,2456.0,76.0,64.0,29.0,12.0,32.0,45.0,72.0,69.0,53.0,19.0,35.0,52.0,52.0,47.0,48.0,36.0,16.0,31.0,57.0,38.0,60.0,33.0,17.0,24.0,44.0,52.0,60.0,52.0,10.0,33.0,47.0,51.0,59.0,42.0,14.0,7.0,12.0,27.0,40.0,80.0,51.0,47.0,60.0,54.0,81.0,122.0,291.0,176.0,575.0,1059.0,1377.0,1274.0,1230.0,1286.0,1317.0,1633.0,1309.0,1126.0,1557.0,1348.0,936.0,1583.0,1225.0,872.0,1434.0,1137.0,816.0,1407.0,1218.0,768.0,1160.0,396.0,317.0,157.0,76.0,84.0,43.0,95.0,97.0,143.0,140.0,212.0,217.0,199.0,166.0,103.0,87.0,86.0,125.0,100.0,54.0,111.0,560.0,1148.0,1471.0,1195.0,775.0,1355.0,1046.0,687.0,980.0,393.0,978.0,925.0,181.0,923.0,501.0,748.0,889.0,276.0,930.0,264.0,941.0,800.0,443.0,939.0,296.0,874.0,631.0,815.0,1066.0,398.0,863.0,380.0,885.0,442.0,870.0,973.0,306.0,966.0,350.0,835.0,327.0,753.0,581.0,507.0,883.0,306.0,871.0,351.0,792.0,374.0,877.0,711.0,539.0,982.0,243.0,771.0,236.0,642.0,264.0,725.0,355.0,684.0,429.0,390.0,518.0,209.0,556.0,96.0,419.0,62.0,492.0,188.0,442.0,101.0,207.0,222.0,167.0,92.0,109.0,74.0,44.0,21.0,50.0,96.0,53.0,19.0,29.0,82.0,17.0,25.0,107.0,63.0,66.0,44.0,159.0,62.0,50.0,101.0,187.0,34.0,38.0,49.0,90.0
13.0,15.0,34.0,27.0,14.0,36.0,28.0,14.0,12.0,13.0,14.0,42.0,26.0,40.0,11.0,16.0,18.0,36.0,29.0,36.0,16.0,19.0,10.0,11.0,40.0,20.0,20.0,18.0,16.0,15.0,31.0,38.0,36.0,22.0,20.0,11.0,30.0,59.0,45.0,18.0,19.0,29.0,46.0,31.0,48.0,28.0,10.0,34.0,34.0,14.0,17.0,21.0,31.0,36.0,51.0,89.0,199.0,210.0,654.0,1117.0,1247.0,1042.0,1410.0,1074.0,1305.0,1516.0,1301.0,1011.0,1500.0,1195.0,876.0,1478.0,1195.0,1042.0,1537.0,1166.0,915.0,1207.0,1135.0,558.0,421.0,126.0,61.0,73.0,60.0,60.0,91.0,80.0,98.0,140.0,96.0,129.0,127.0,127.0,107.0,86.0,45.0,94.0,222.0,1444.0,1409.0,1010.0,1349.0,1137.0,587.0,1111.0,1004.0,443.0,975.0,464.0,922.0,878.0,211.0,899.0,429.0,876.0,882.0,255.0,994.0,512.0,919.0,1281.0,474.0,944.0,433.0,897.0,802.0,777.0,959.0,472.0,918.0,357.0,979.0,954.0,495.0,1025.0,341.0,787.0,384.0,821.0,666.0,595.0,985.0,335.0,934.0,323.0,762.0,324.0,700.0,453.0,700.0,653.0,523.0,821.0,268.0,637.0,178.0,449.0,73.0,461.0,87.0,442.0,232.0,535.0,310.0,376.0,148.0,228.0,288.0,209.0,171.0,95.0,82.0,74.0,48.0,58.0,11.0,24.0,23.0,35.0,27.0,9.0,15.0,19.0,8.0,17.0,161.0,202.0,463.0,296.0,402.0,166.0,168.0,95.0,40.0,17.0,75.0,39.0,73.0,33.0
24.0,15.0,15.0,13.0,19.0,14.0,11.0,7.0,6.0,29.0,15.0,15.0,14.0,15.0,20.0,10.0,16.0,10.0,19.0,15.0,17.0,12.0,11.0,24.0,22.0,11.0,14.0,15.0,19.0,17.0,8.0,10.0,15.0,11.0,9.0,15.0,24.0,25.0,25.0,21.0,30.0,15.0,32.0,17.0,66.0,35.0,110.0,115.0,207.0,584.0,985.0,1151.0,1145.0,1239.0,857.0,1576.0,1243.0,1073.0,1616.0,1357.0,1061.0,1486.0,1402.0,1000.0,1315.0,1154.0,1214.0,1269.0,1093.0,1199.0,1179.0,1044.0,1086.0,438.0,241.0,150.0,120.0,125.0,92.0,90.0,129.0,191.0,157.0,297.0,218.0,142.0,139.0,87.0,105.0,129.0,127.0,421.0,1026.0,1325.0,963.0,1444.0,1080.0,1000.0,1232.0,999.0,813.0,1037.0,343.0,1005.0,887.0,483.0,949.0,148.0,971.0,695.0,664.0,786.0,255.0,794.0,586.0,883.0,1199.0,525.0,1025.0,417.0,893.0,409.0,889.0,765.0,695.0,1016.0,495.0,891.0,380.0,799.0,342.0,804.0,434.0,804.0,646.0,530.0,800.0,273.0,944.0,256.0,760.0,369.0,642.0,333.0,703.0,298.0,684.0,303.0,692.0,354.0,430.0,345.0,520.0,471.0,300.0,528.0,127.0,396.0,58.0,342.0,223.0,448.0,245.0,196.0,85.0,52.0,52.0,25.0,29.0,19.0,29.0,17.0,52.0,46.0,15.0,52.0,59.0,146.0,68.0,111.0,49.0,31.0,89.0,23.0,299.0,152.0,237.0,162.0,75.0,28.0,16.0,17.0,16.0,15.0,24.0,36.0,44.0,15.0,18.0,23.0
11.0,25.0,13.0,10.0,6.0,29.0,54.0,16.0,28.0,18.0,20.0,13.0,11.0,9.0,17.0,16.0,23.0,7.0,25.0,18.0,15.0,16.0,14.0,18.0,13.0,36.0,25.0,39.0,17.0,28.0,18.0,28.0,11.0,36.0,21.0,38.0,31.0,30.0,46.0,8.0,31.0,51.0,17.0,64.0,16.0,33.0,49.0,30.0,70.0,41.0,73.0,29.0,122.0,47.0,150.0,157.0,231.0,591.0,1185.0,1115.0,833.0,1552.0,1254.0,1041.0,1699.0,1390.0,1049.0,1482.0,1470.0,830.0,1701.0,1326.0,935.0,1623.0,1304.0,1145.0,1531.0,1553.0,1344.0,1287.0,1566.0,197.0,78.0,388.0,272.0,164.0,142.0,116.0,95.0,144.0,256.0,366.0,389.0,338.0,172.0,219.0,119.0,118.0,100.0,91.0,128.0,140.0,954.0,1307.0,963.0,1517.0,1167.0,638.0,1243.0,917.0,495.0,860.0,334.0,869.0,804.0,205.0,796.0,254.0,946.0,809.0,221.0,832.0,286.0,1001.0,995.0,472.0,987.0,351.0,818.0,378.0,865.0,816.0,449.0,960.0,284.0,822.0,281.0,728.0,340.0,805.0,433.0,669.0,765.0,390.0,856.0,260.0,740.0,259.0,724.0,228.0,673.0,321.0,697.0,439.0,642.0,632.0,403.0,511.0,172.0,474.0,74.0,396.0,42.0,350.0,156.0,458.0,270.0,466.0,141.0,179.0,136.0,131.0,172.0,107.0,132.0,79.0,25.0,62.0,45.0,38.0,32.0,45.0,89.0,23.0,44.0,27.0,122.0,53.0,49.0,217.0,125.0,82.0,105.0,209.0,113.0,225.0,15.0,97.0,384.0,59.0
7.0,8.0,13.0,6.0,10.0,10.0,9.0,21.0,15.0,10.0,11.0,12.0,12.0,23.0,10.0,12.0,27.0,12.0,13.0,17.0,11.0,13.0,13.0,8.0,13.0,13.0,13.0,19.0,18.0,6.0,12.0,10.0,9.0,23.0,22.0,13.0,11.0,48.0,32.0,20.0,12.0,35.0,20.0,38.0,25.0,53.0,61.0,178.0,152.0,713.0,1076.0,1043.0,1380.0,1398.0,1207.0,1205.0,1227.0,1077.0,1297.0,1024.0,1214.0,1250.0,756.0,1247.0,1198.0,771.0,1281.0,1245.0,740.0,1461.0,1254.0,694.0,769.0,245.0,144.0,186.0,133.0,83.0,47.0,76.0,79.0,113.0,229.0,270.0,233.0,179.0,94.0,95.0,58.0,61.0,81.0,124.0,373.0,873.0,1317.0,1121.0,678.0,1149.0,866.0,671.0,937.0,336.0,831.0,706.0,412.0,872.0,156.0,869.0,471.0,713.0,768.0,199.0,778.0,203.0,869.0,854.0,532.0,1029.0,288.0,897.0,376.0,862.0,675.0,630.0,1031.0,369.0,898.0,365.0,782.0,442.0,847.0,726.0,497.0,925.0,295.0,825.0,300.0,767.0,346.0,750.0,559.0,668.0,947.0,354.0,891.0,336.0,702.0,311.0,638.0,296.0,673.0,324.0,580.0,257.0,518.0,288.0,548.0,464.0,354.0,502.0,79.0,421.0,117.0,472.0,296.0,466.0,129.0,174.0,58.0,53.0,15.0,73.0,16.0,70.0,21.0,62.0,71.0,47.0,43.0,97.0,123.0,127.0,146.0,362.0,418.0,33.0,13.0,264.0,133.0,271.0,146.0,166.0,61.0,210.0,38.0,27.0,135.0,38.0,53.0,54.0
18.0,13.0,21.0,32.0,24.0,14.0,11.0,14.0,11.0,9.0,10.0,32.0,14.0,23.0,27.0,11.0,6.0,11.0,11.0,37.0,14.0,12.0,16.0,13.0,13.0,8.0,8.0,6.0,16.0,19.0,8.0,10.0,6.0,14.0,11.0,14.0,5.0,15.0,16.0,29.0,17.0,27.0,36.0,11.0,48.0,19.0,18.0,26.0,33.0,42.0,102.0,110.0,278.0,460.0,1386.0,1057.0,1189.0,1472.0,1437.0,1441.0,1399.0,1273.0,1190.0,1452.0,1074.0,1120.0,1286.0,935.0,1404.0,1296.0,662.0,1559.0,1206.0,936.0,1237.0,366.0,337.0,154.0,90.0,155.0,78.0,81.0,102.0,101.0,120.0,120.0,136.0,127.0,156.0,92.0,105.0,91.0,83.0,99.0,172.0,1188.0,1241.0,981.0,1386.0,1117.0,799.0,1355.0,1096.0,629.0,1013.0,636.0,650.0,976.0,204.0,1015.0,788.0,578.0,987.0,151.0,932.0,613.0,803.0,1016.0,280.0,894.0,740.0,846.0,1220.0,462.0,956.0,427.0,922.0,953.0,587.0,1097.0,430.0,956.0,411.0,884.0,416.0,791.0,526.0,844.0,889.0,411.0,1050.0,338.0,942.0,408.0,869.0,336.0,785.0,350.0,729.0,402.0,681.0,480.0,616.0,670.0,415.0,661.0,150.0,507.0,111.0,412.0,68.0,358.0,268.0,539.0,194.0,276.0,139.0,281.0,309.0,164.0,132.0,86.0,94.0,115.0,29.0,54.0,9.0,22.0,21.0,29.0,48.0,42.0,167.0,97.0,8.0,43.0,145.0,27.0,11.0,27.0,160.0,103.0,75.0,88.0,23.0,73.0,9.0,22.0,24.0,18.0
17.0,9.0,23.0,17.0,11.0,13.0,11.0,16.0,20.0,9.0,9.0,18.0,15.0,8.0,18.0,13.0,13.0,11.0,7.0,17.0,11.0,8.0,13.0,6.0,11.0,21.0,9.0,12.0,13.0,13.0,10.0,4.0,21.0,18.0,20.0,10.0,15.0,17.0,11.0,28.0,27.0,12.0,15.0,25.0,13.0,46.0,33.0,37.0,120.0,92.0,276.0,916.0,1206.0,1544.0,1304.0,1393.0,1377.0,1408.0,1077.0,1307.0,1239.0,1009.0,1314.0,1280.0,1108.0,1150.0,1128.0,1190.0,1331.0,1106.0,1446.0,1217.0,628.0,613.0,142.0,141.0,120.0,81.0,121.0,85.0,101.0,282.0,139.0,113.0,144.0,154.0,129.0,99.0,98.0,70.0,46.0,80.0,179.0,680.0,1334.0,1147.0,914.0,1268.0,925.0,1059.0,1066.0,500.0,1020.0,887.0,210.0,883.0,326.0,983.0,879.0,245.0,979.0,245.0,977.0,792.0,464.0,935.0,270.0,1065.0,806.0,788.0,1123.0,360.0,963.0,441.0,1000.0,949.0,440.0,970.0,323.0,698.0,474.0,874.0,1028.0,244.0,927.0,250.0,765.0,258.0,836.0,533.0,721.0,906.0,215.0,812.0,230.0,688.0,242.0,678.0,384.0,722.0,634.0,482.0,606.0,141.0,462.0,42.0,423.0,100.0,503.0,335.0,495.0,320.0,317.0,342.0,271.0,284.0,104.0,123.0,94.0,82.0,78.0,65.0,26.0,19.0,36.0,48.0,23.0,91.0,154.0,109.0,129.0,77.0,27.0,83.0,93.0,77.0,179.0,55.0,117.0,47.0,18.0,19.0,36.0,25.0,10.0,35.0,35.0,26.0,29.0,72.0
14.0,16.0,12.0,3.0,15.0,17.0,16.0,11.0,12.0,23.0,7.0,15.0,14.0,13.0,11.0,11.0,14.0,9.0,14.0,15.0,8.0,17.0,19.0,16.0,13.0,8.0,8.0,13.0,13.0,23.0,14.0,12.0,12.0,8.0,13.0,11.0,15.0,15.0,17.0,21.0,25.0,25.0,40.0,52.0,89.0,245.0,494.0,943.0,982.0,1412.0,1391.0,995.0,1356.0,1338.0,995.0,1292.0,1115.0,1215.0,1422.0,749.0,1305.0,1349.0,727.0,1534.0,1284.0,853.0,484.0,307.0,187.0,121.0,96.0,106.0,91.0,107.0,88.0,112.0,178.0,192.0,409.0,366.0,211.0,188.0,145.0,88.0,85.0,93.0,622.0,1184.0,1329.0,1308.0,1010.0,1233.0,1304.0,754.0,1358.0,914.0,518.0,937.0,331.0,995.0,830.0,285.0,943.0,369.0,964.0,1033.0,595.0,1123.0,438.0,1028.0,740.0,763.0,1165.0,521.0,1012.0,416.0,913.0,768.0,587.0,1100.0,349.0,986.0,353.0,831.0,343.0,873.0,630.0,638.0,972.0,338.0,949.0,401.0,740.0,342.0,802.0,452.0,730.0,578.0,602.0,822.0,345.0,795.0,204.0,546.0,105.0,501.0,72.0,423.0,133.0,473.0,308.0,525.0,390.0,249.0,291.0,301.0,433.0,237.0,260.0,115.0,193.0,175.0,137.0,77.0,46.0,25.0,24.0,20.0,26.0,13.0,82.0,44.0,156.0,116.0,21.0,99.0,56.0,84.0,38.0,64.0,42.0,72.0,58.0,52.0,67.0,55.0,37.0,43.0,33.0,35.0,47.0,29.0,21.0,21.0,29.0,26.0,14.0,62.0,21.0,56.0
10.0,13.0,12.0,16.0,10.0,11.0,8.0,14.0,10.0,10.0,6.0,6.0,14.0,8.0,13.0,15.0,6.0,8.0,15.0,17.0,9.0,12.0,15.0,7.0,19.0,11.0,14.0,14.0,9.0,17.0,13.0,13.0,15.0,14.0,14.0,21.0,19.0,12.0,39.0,59.0,124.0,398.0,829.0,1171.0,1278.0,1175.0,1038.0,1467.0,980.0,1310.0,1378.0,1370.0,1169.0,1266.0,1274.0,1152.0,1359.0,1186.0,1038.0,1267.0,1244.0,969.0,1188.0,1140.0,882.0,684.0,154.0,101.0,148.0,146.0,67.0,148.0,61.0,79.0,200.0,200.0,229.0,288.0,241.0,180.0,116.0,95.0,85.0,79.0,336.0,1035.0,1494.0,1298.0,880.0,1389.0,1025.0,741.0,1143.0,997.0,478.0,933.0,912.0,253.0,895.0,449.0,866.0,942.0,135.0,914.0,631.0,695.0,1075.0,402.0,974.0,913.0,808.0,1127.0,378.0,1014.0,564.0,997.0,1053.0,646.0,1007.0,512.0,894.0,548.0,789.0,958.0,359.0,1011.0,428.0,872.0,371.0,842.0,379.0,848.0,609.0,621.0,990.0,391.0,872.0,423.0,789.0,382.0,703.0,335.0,596.0,299.0,522.0,239.0,459.0,172.0,466.0,156.0,431.0,160.0,467.0,221.0,409.0,401.0,343.0,311.0,299.0,376.0,227.0,240.0,73.0,119.0,114.0,85.0,43.0,22.0,24.0,28.0,13.0,17.0,31.0,56.0,48.0,90.0,64.0,18.0,130.0,43.0,136.0,39.0,55.0,22.0,278.0,167.0,252.0,108.0,83.0,17.0,43.0,81.0,61.0,38.0,15.0,68.0,19.0,32.0,102.0,40.0
7.0,12.0,10.0,18.0,14.0,28.0,12.0,19.0,18.0,8.0,12.0,9.0,9.0,28.0,27.0,3.0,13.0,20.0,14.0,15.0,17.0,16.0,15.0,14.0,24.0,27.0,8.0,11.0,12.0,29.0,17.0,15.0,15.0,10.0,15.0,14.0,12.0,14.0,15.0,26.0,27.0,32.0,80.0,111.0,228.0,653.0,776.0,1310.0,1136.0,1037.0,1282.0,1251.0,1259.0,1172.0,1034.0,1049.0,1226.0,870.0,1160.0,1293.0,725.0,1390.0,1154.0,1098.0,1106.0,1093.0,823.0,854.0,474.0,503.0,112.0,97.0,109.0,64.0,84.0,52.0,68.0,139.0,317.0,348.0,356.0,153.0,166.0,78.0,95.0,81.0,64.0,131.0,230.0,888.0,1154.0,972.0,1228.0,999.0,1024.0,1177.0,496.0,1186.0,906.0,408.0,763.0,477.0,851.0,824.0,164.0,911.0,449.0,865.0,886.0,148.0,870.0,543.0,881.0,1051.0,392.0,963.0,419.0,887.0,876.0,607.0,1078.0,413.0,820.0,353.0,836.0,536.0,764.0,918.0,324.0,923.0,361.0,764.0,301.0,757.0,413.0,790.0,792.0,477.0,906.0,328.0,818.0,284.0,794.0,312.0,818.0,524.0,639.0,788.0,421.0,806.0,287.0,676.0,227.0,465.0,132.0,486.0,176.0,542.0,403.0,506.0,432.0,228.0,295.0,354.0,404.0,136.0,178.0,86.0,148.0,104.0,56.0,56.0,14.0,14.0,64.0,28.0,63.0,38.0,203.0,79.0,99.0,95.0,21.0,21.0,24.0,54.0,34.0,275.0,126.0,30.0,78.0,46.0,81.0,125.0,23.0,32.0,17.0,38.0,211.0,128.0
15.0,14.0,10.0,14.0,12.0,32.0,2.0,19.0,34.0,4.0,18.0,16.0,39.0,24.0,29.0,35.0,24.0,8.0,10.0,11.0,21.0,11.0,9.0,6.0,9.0,13.0,30.0,15.0,21.0,21.0,15.0,26.0,11.0,15.0,10.0,20.0,35.0,32.0,40.0,43.0,42.0,65.0,146.0,146.0,412.0,916.0,874.0,1436.0,1101.0,987.0,1440.0,1111.0,1027.0,1324.0,1261.0,972.0,1249.0,1352.0,1027.0,1377.0,1143.0,1223.0,1377.0,1250.0,1306.0,1281.0,1206.0,1085.0,1092.0,818.0,538.0,190.0,126.0,68.0,60.0,61.0,56.0,133.0,212.0,339.0,349.0,296.0,194.0,136.0,149.0,76.0,97.0,89.0,89.0,189.0,356.0,1265.0,1353.0,992.0,1091.0,1049.0,604.0,1117.0,849.0,387.0,832.0,358.0,850.0,917.0,284.0,930.0,328.0,890.0,918.0,325.0,907.0,388.0,862.0,668.0,966.0,1162.0,335.0,1084.0,458.0,891.0,480.0,871.0,783.0,511.0,984.0,321.0,915.0,467.0,824.0,325.0,750.0,391.0,800.0,544.0,653.0,871.0,331.0,887.0,348.0,795.0,365.0,738.0,283.0,651.0,287.0,591.0,340.0,526.0,290.0,485.0,451.0,329.0,377.0,159.0,433.0,290.0,478.0,121.0,285.0,273.0,191.0,229.0,71.0,87.0,52.0,58.0,99.0,16.0,21.0,9.0,6.0,17.0,48.0,23.0,89.0,56.0,78.0,21.0,58.0,31.0,175.0,65.0,189.0,82.0,164.0,168.0,103.0,46.0,38.0,95.0,3.0,10.0,49.0,38.0,175.0,193.0,205.0,174.0,32.0,173.0
14.0,13.0,16.0,33.0,37.0,19.0,14.0,20.0,16.0,16.0,14.0,15.0,21.0,20.0,23.0,16.0,12.0,11.0,25.0,22.0,9.0,9.0,8.0,16.0,18.0,12.0,12.0,6.0,17.0,22.0,10.0,16.0,25.0,13.0,14.0,19.0,41.0,15.0,20.0,16.0,15.0,16.0,20.0,34.0,28.0,33.0,88.0,106.0,346.0,502.0,1131.0,1504.0,1359.0,1075.0,1740.0,1564.0,1500.0,1596.0,1380.0,1243.0,1448.0,1312.0,1213.0,1481.0,1007.0,1617.0,1623.0,1138.0,1467.0,1229.0,1112.0,1091.0,0.0,1935.0,8.0,75.0,7.0,40.0,111.0,75.0,106.0,136.0,94.0,245.0,216.0,248.0,295.0,173.0,150.0,81.0,98.0,73.0,74.0,99.0,131.0,631.0,1011.0,1108.0,1127.0,820.0,1127.0,975.0,333.0,947.0,1002.0,278.0,1020.0,329.0,1139.0,975.0,170.0,1035.0,891.0,733.0,1120.0,457.0,1075.0,1068.0,727.0,1072.0,422.0,963.0,763.0,773.0,1257.0,445.0,1004.0,424.0,839.0,521.0,927.0,1024.0,363.0,1033.0,394.0,876.0,361.0,890.0,522.0,917.0,1023.0,444.0,942.0,323.0,755.0,317.0,791.0,388.0,744.0,519.0,673.0,740.0,458.0,482.0,434.0,554.0,156.0,436.0,121.0,430.0,265.0,601.0,354.0,544.0,295.0,342.0,356.0,322.0,441.0,181.0,184.0,120.0,93.0,139.0,73.0,22.0,33.0,48.0,24.0,141.0,132.0,111.0,58.0,180.0,45.0,219.0,51.0,32.0,21.0,185.0,66.0,120.0,79.0,34.0,33.0,97.0,48.0,83.0,279.0,273.0
